uf,territorio,titulo,escolas_conectadas_nivel_4_5,eti_matriculas_fomentadas,eti_valor_fomentado,cnca_cantinho_leitura,cnca_escolas_apoiadas,cnca_valor_cantinhos,cnca_qtd_articuladores_total,cnca_articuladores_renalpha_2026,cnca_valor_materiais,cnca_valor_formacao,cnca_total_investido,pdm_estudantes_beneficiados,pdm_valor_investido,pdm_abrangencia,pdm_referencia,obras_total_aprovadas,obras_valor_previsto,obras_valor_repassado,novo_pac_creches,novo_pac_creches_valor_previsto,novo_pac_eti,novo_pac_eti_valor_previsto,novo_pac_onibus,novo_pac_onibus_valor_previsto,novo_pac_superior_consolidacao,novo_pac_superior_expansao,novo_pac_superior_total_previsto,lista_obras_sesu_dinamica,novo_pac_ept_consolidacao,novo_pac_ept_expansao,novo_pac_ept_total_previsto,lista_obras_setec_dinamica,lista_expansao_setec_dinamica,novo_pac_hu_valor_previsto,lista_obras_hu_dinamica,fundeb_2023,fundeb_2024,fundeb_2025,fundeb_2026,fundeb_valor_repassado_VAAF,fundeb_valor_repassado_VAAT,fundeb_valor_repassado_VAAR,pnae_escolas_apoiadas,pnae_valor_investido,pnae_abrangencia,pnae_referencia,pnate_estudantes_beneficiados,pnate_valor_investido,pnate_abrangencia,pnate_referencia,if_matriculas,if_numero,if_campi,uf_campi,uf_instituicoes,uf_matriculas_graduacao,eti_serie_historica_alunos,distorcao_idade_serie,ica_alfabetizacao
AC,ACRE,BRIEFING – Visita Ministerial - ACRE,"852 (57,4% ) | Brasil: 100.720 (72,9%)",12.676 | Brasil: 1.632.740,"R$ 60,7 milhões | Brasil: R$ 7,16 bilhões",1.190 | Brasil: 173.744,681 | Brasil: 75.816,"R$ 1,47 milhões | Brasil: R$ 214,57 milhões",39 | Brasil: 7.386,"R$ 1,54 milhões | Brasil: R$ 260,63 milhões","R$ 1,67 milhões | Brasil: R$ 240,55 milhões","R$ 3,05 milhões | Brasil: R$ 579,17 milhões","R$ 7,73 milhões | Brasil: R$ 1,56 bilhão","46.636 (66,90%) | Brasil: 7.075.845 (55,99%)","R$ 139,65 milhões | Brasil: R$ 20,29 bilhões",2024-2026,Março/2026,27 | Brasil: 2524,"R$ 38,88 milhões | Brasil: R$ 3,12 bilhões","R$ 20,10 milhões | Brasil: R$ 1,73 bilhões",7 | Brasil: 1681,"R$ 31,75 milhões | Brasil: R$ 7,26 bilhões",10 | Brasil: 683,"R$ 116,93 milhões | Brasil: R$ 6,94 bilhões",33 | Brasil: 2477,"R$ 17,05 milhões | Brasil: R$ 1,20 bilhões","R$ 40,00 milhões | Brasil: R$ 3,43 bilhões","R$ 0,00 milhões | Brasil: R$ 644,00 milhões","R$ 40,00 milhões | Brasil: R$ 4,07 bilhões","1 Biblioteca = R$ 3,00 milhões | 1 Estruturas Acadêmicas = R$ 5,00 milhões | 1 Infraestrutura e Urbanização = R$ 15,00 milhões | 1 Laboratórios = R$ 4,00 milhões | 1 Restaurante Universitário = R$ 5,00 milhões | 1 Salas de Aula = R$ 8,00 milhões","R$ 8,58 milhões | Brasil: R$ 1,52 bilhões","R$ 25,00 milhões - 1 campus | Brasil: R$ 2,70 bilhões","R$ 33,58 milhões | Brasil: R$ 4,22 bilhões","2 Restaurante Estudantil - R$ 3,40 milhões | 1 Biblioteca - R$ 1,00 milhões | 1 Sede Reitoria - R$ 1,28 milhões | 1 Estruturas Acadêmicas - R$ 986,39 mil | 1 Equipamento - R$ 1,92 milhões",Feijó,"R$ 50,00 milhões | Brasil: R$ 1,79 bilhões","Reforma de hospital estadual a ser cedido à universidade. do HU-UFAC - R$ 50,00 milhões","R$ 1,83 bilhões | Brasil: R$ 269,16 bilhões","R$ 2,15 bilhões | Brasil: R$ 310,34 bilhões","R$ 2,36 bilhões | Brasil: R$ 339,79 bilhões","R$ 580,26 milhões | Brasil: R$ 84,87 bilhões","R$ 0,00 milhões | Brasil: R$ 6,95 bilhões","R$ 33,09 milhões | Brasil: R$ 7,25 bilhões","R$ 2,13 milhões | Brasil: R$ 1,53 bilhão",1.475 | Brasil: 145.708,"R$ 93,15 milhões | Brasil: R$ 17,76 bilhões",2023-2026,Março/26,62.883 | Brasil: 4.782.680,"R$ 35,46 milhões | Brasil: R$ 2,96 bilhões",2023-2026,Abril/26,"6,8 mil | Brasil: 1.884.660",1 | Brasil: 38,6 | Brasil: 605,3 | Brasil: 339,1 | Brasil: 69,8.568 | Brasil: 1.075.373,"9,88% em 2023 para 16,27% em 2025 (21.361 → 33.976 matrículas) | Brasil: 20,86% em 2023 para 25,82% em 2025 (7.308.315 → 8.830.779 matrículas)","Ensino Médio: caiu de 28,0% em 2023 para 24,7% em 2025 | Brasil: caiu de 21,6% em 2023 para 17,6% em 2025",
AL,ALAGOAS,BRIEFING – Visita Ministerial - ALAGOAS,"1.782 (74,5% ) | Brasil: 100.720 (72,9%)",32.894 | Brasil: 1.632.740,"R$ 151,7 milhões | Brasil: R$ 7,16 bilhões",3.120 | Brasil: 173.744,1.537 | Brasil: 75.816,"R$ 3,85 milhões | Brasil: R$ 214,57 milhões",143 | Brasil: 7.386,"R$ 5,25 milhões | Brasil: R$ 260,63 milhões","R$ 3,74 milhões | Brasil: R$ 240,55 milhões","R$ 7,47 milhões | Brasil: R$ 579,17 milhões","R$ 20,32 milhões | Brasil: R$ 1,56 bilhão","169.661 (67,72%) | Brasil: 7.075.845 (55,99%)","R$ 521,19 milhões | Brasil: R$ 20,29 bilhões",2024-2026,Março/2026,32 | Brasil: 2524,"R$ 23,83 milhões | Brasil: R$ 3,12 bilhões","R$ 12,00 milhões | Brasil: R$ 1,73 bilhões",65 | Brasil: 1681,"R$ 277,81 milhões | Brasil: R$ 7,26 bilhões",16 | Brasil: 683,"R$ 160,68 milhões | Brasil: R$ 6,94 bilhões",94 | Brasil: 2477,"R$ 47,50 milhões | Brasil: R$ 1,20 bilhões","R$ 25,00 milhões | Brasil: R$ 3,43 bilhões","R$ 0,00 milhões | Brasil: R$ 644,00 milhões","R$ 25,00 milhões | Brasil: R$ 4,07 bilhões","2 Estruturas Acadêmicas = R$ 16,00 milhões | 1 Restaurante Universitário = R$ 4,00 milhões | 1 Salas de Aula = R$ 5,00 milhões","R$ 61,17 milhões | Brasil: R$ 1,52 bilhões","R$ 75,00 milhões - 3 campi | Brasil: R$ 2,70 bilhões","R$ 136,17 milhões | Brasil: R$ 4,22 bilhões","3 Sede de Campus - R$ 42,18 milhões | 1 Sede de Campus AX - R$ 1,56 milhões | 4 Complexo Esportivo - R$ 5,63 milhões | 5 Equipamento - R$ 6,58 milhões | 3 Restaurante Estudantil - R$ 5,22 milhões",Girau do Ponciano | Maceió | Mata Grande,"R$ 9,31 milhões | Brasil: R$ 1,79 bilhões","Reforma para reestruturação elétrica, construção do almoxarifado e abrigo de resíduos. Atualização da Comunicação Visual. do HUPAA-UFAL - R$ 9,31 milhões","R$ 5,37 bilhões | Brasil: R$ 269,16 bilhões","R$ 6,31 bilhões | Brasil: R$ 310,34 bilhões","R$ 7,54 bilhões | Brasil: R$ 339,79 bilhões","R$ 1,87 bilhão | Brasil: R$ 84,87 bilhões","R$ 221,66 milhões | Brasil: R$ 6,95 bilhões","R$ 403,60 milhões | Brasil: R$ 7,25 bilhões","R$ 66,74 milhões | Brasil: R$ 1,53 bilhão",2.380 | Brasil: 145.708,"R$ 347,36 milhões | Brasil: R$ 17,76 bilhões",2023-2026,Março/26,175.188 | Brasil: 4.782.680,"R$ 77,46 milhões | Brasil: R$ 2,96 bilhões",2023-2026,Abril/26,"20,2 mil | Brasil: 1.884.660",1 | Brasil: 38,16 | Brasil: 605,4 | Brasil: 339,1 | Brasil: 69,23.894 | Brasil: 1.075.373,"24,58% em 2023 para 32,99% em 2025 (145.433 → 196.708 matrículas) | Brasil: 20,86% em 2023 para 25,82% em 2025 (7.308.315 → 8.830.779 matrículas)","Ensino Médio: caiu de 26,1% em 2023 para 21,6% em 2025 | Brasil: caiu de 21,6% em 2023 para 17,6% em 2025","De 43,88%* em 2023 para 64% em 2025 | Brasil: De 55,90%* em 2023 para 66% em 2025 (*) Em 2023, o SAEB era usado como métrica."
AM,AMAZONAS,BRIEFING – Visita Ministerial - AMAZONAS,"3.107 (60,2% ) | Brasil: 100.720 (72,9%)",44.541 | Brasil: 1.632.740,"R$ 269,6 milhões | Brasil: R$ 7,16 bilhões",4.219 | Brasil: 173.744,2.055 | Brasil: 75.816,"R$ 5,21 milhões | Brasil: R$ 214,57 milhões",91 | Brasil: 7.386,"R$ 3,34 milhões | Brasil: R$ 260,63 milhões","R$ 4,95 milhões | Brasil: R$ 240,55 milhões","R$ 37,19 milhões | Brasil: R$ 579,17 milhões","R$ 50,70 milhões | Brasil: R$ 1,56 bilhão","248.834 (69,88%) | Brasil: 7.075.845 (55,99%)","R$ 731,22 milhões | Brasil: R$ 20,29 bilhões",2024-2026,Março/2026,122 | Brasil: 2524,"R$ 196,51 milhões | Brasil: R$ 3,12 bilhões","R$ 90,96 milhões | Brasil: R$ 1,73 bilhões",44 | Brasil: 1681,"R$ 183,43 milhões | Brasil: R$ 7,26 bilhões",17 | Brasil: 683,"R$ 181,18 milhões | Brasil: R$ 6,94 bilhões",58 | Brasil: 2477,"R$ 28,45 milhões | Brasil: R$ 1,20 bilhões","R$ 46,50 milhões | Brasil: R$ 3,43 bilhões","R$ 60,00 milhões - 1 Campus (São Gabriel da Cachoeira) | Brasil: R$ 644,00 milhões","R$ 106,50 milhões | Brasil: R$ 4,07 bilhões","4 Estruturas Acadêmicas = R$ 40,30 milhões | 2 Restaurante Universitário = R$ 6,20 milhões","R$ 61,03 milhões | Brasil: R$ 1,52 bilhões","R$ 50,00 milhões - 2 campi | Brasil: R$ 2,70 bilhões","R$ 111,03 milhões | Brasil: R$ 4,22 bilhões","5 Sede de Campus - R$ 53,42 milhões | 6 Restaurante Estudantil - R$ 5,23 milhões | 1 Infraestrutura - R$ 469,31 mil | 1 Equipamento - R$ 1,90 milhões",Manicoré | Santo Antônio do Içá,"R$ 0 | Brasil: R$ 1,79 bilhões",,"R$ 6,76 bilhões | Brasil: R$ 269,16 bilhões","R$ 8,38 bilhões | Brasil: R$ 310,34 bilhões","R$ 9,10 bilhões | Brasil: R$ 339,79 bilhões","R$ 2,05 bilhões | Brasil: R$ 84,87 bilhões","R$ 376,91 milhões | Brasil: R$ 6,95 bilhões","R$ 374,96 milhões | Brasil: R$ 7,25 bilhões","R$ 72,77 milhões | Brasil: R$ 1,53 bilhão",5.150 | Brasil: 145.708,"R$ 449,07 milhões | Brasil: R$ 17,76 bilhões",2023-2026,Março/26,119.526 | Brasil: 4.782.680,"R$ 114,93 milhões | Brasil: R$ 2,96 bilhões",2023-2026,Abril/26,"24,1 mil | Brasil: 1.884.660",1 | Brasil: 38,17 | Brasil: 605,7 | Brasil: 339,1 | Brasil: 69,21.034 | Brasil: 1.075.373,"9,71% em 2023 para 13,18% em 2025 (94.592 → 127.552 matrículas) | Brasil: 20,86% em 2023 para 25,82% em 2025 (7.308.315 → 8.830.779 matrículas)","Ensino Médio: caiu de 29,4% em 2023 para 26,5% em 2025 | Brasil: caiu de 21,6% em 2023 para 17,6% em 2025","De 52,20%* em 2023 para 57% em 2025 | Brasil: De 55,90%* em 2023 para 66% em 2025 (*) Em 2023, o SAEB era usado como métrica."
AP,AMAPÁ,BRIEFING – Visita Ministerial - AMAPÁ,"286 (36,4% ) | Brasil: 100.720 (72,9%)",10.595 | Brasil: 1.632.740,"R$ 32,1 milhões | Brasil: R$ 7,16 bilhões",443 | Brasil: 173.744,162 | Brasil: 75.816,"R$ 0,55 milhões | Brasil: R$ 214,57 milhões",35 | Brasil: 7.386,"R$ 1,40 milhões | Brasil: R$ 260,63 milhões","R$ 0,58 milhões | Brasil: R$ 240,55 milhões","R$ 2,30 milhões | Brasil: R$ 579,17 milhões","R$ 4,82 milhões | Brasil: R$ 1,56 bilhão","44.951 (74,07%) | Brasil: 7.075.845 (55,99%)","R$ 132,25 milhões | Brasil: R$ 20,29 bilhões",2024-2026,Março/2026,19 | Brasil: 2524,"R$ 29,14 milhões | Brasil: R$ 3,12 bilhões","R$ 20,72 milhões | Brasil: R$ 1,73 bilhões",16 | Brasil: 1681,"R$ 66,57 milhões | Brasil: R$ 7,26 bilhões",3 | Brasil: 683,"R$ 33,97 milhões | Brasil: R$ 6,94 bilhões",10 | Brasil: 2477,"R$ 4,98 milhões | Brasil: R$ 1,20 bilhões","R$ 20,70 milhões | Brasil: R$ 3,43 bilhões","R$ 0,00 milhões | Brasil: R$ 644,00 milhões","R$ 20,70 milhões | Brasil: R$ 4,07 bilhões","6 Salas de Aula = R$ 17,90 milhões | 1 Estruturas Acadêmicas = R$ 2,80 milhões","R$ 24,76 milhões | Brasil: R$ 1,52 bilhões","R$ 44,72 milhões - 2 campi | Brasil: R$ 2,70 bilhões","R$ 69,48 milhões | Brasil: R$ 4,22 bilhões","3 Restaurante Estudantil - R$ 5,10 milhões | 2 Biblioteca - R$ 3,00 milhões | 1 Sede Reitoria - R$ 10,00 milhões | 1 Demais Obras - R$ 1,75 milhões | 1 Equipamento - R$ 3,27 milhões | 3 Equipamento Restaurante - R$ 1,65 milhões",Macapá | Tartarugalzinho,"R$ 0 | Brasil: R$ 1,79 bilhões",,"R$ 1,63 bilhões | Brasil: R$ 269,16 bilhões","R$ 1,83 bilhões | Brasil: R$ 310,34 bilhões","R$ 1,94 bilhões | Brasil: R$ 339,79 bilhões","R$ 479,35 milhões | Brasil: R$ 84,87 bilhões","R$ 0,00 milhões | Brasil: R$ 6,95 bilhões","R$ 6,93 milhões | Brasil: R$ 7,25 bilhões","R$ 8,98 milhões | Brasil: R$ 1,53 bilhão",785 | Brasil: 145.708,"R$ 46,08 milhões | Brasil: R$ 17,76 bilhões",2023-2026,Março/26,18.292 | Brasil: 4.782.680,"R$ 13,08 milhões | Brasil: R$ 2,96 bilhões",2023-2026,Abril/26,"7,5 mil | Brasil: 1.884.660",1 | Brasil: 38,6 | Brasil: 605,5 | Brasil: 339,1 | Brasil: 69,10.894 | Brasil: 1.075.373,"8,18% em 2023 para 10,73% em 2025 (14.322 → 18.693 matrículas) | Brasil: 20,86% em 2023 para 25,82% em 2025 (7.308.315 → 8.830.779 matrículas)","Ensino Médio: caiu de 34,9% em 2023 para 32,2% em 2025 | Brasil: caiu de 21,6% em 2023 para 17,6% em 2025","De 41,56%* em 2023 para 60% em 2025 | Brasil: De 55,90%* em 2023 para 66% em 2025 (*) Em 2023, o SAEB era usado como métrica."
BA,BAHIA,BRIEFING – Visita Ministerial - BAHIA,"9.424 (70,5% ) | Brasil: 100.720 (72,9%)",170.245 | Brasil: 1.632.740,"R$ 905,9 milhões | Brasil: R$ 7,16 bilhões",15.053 | Brasil: 173.744,9.503 | Brasil: 75.816,"R$ 18,59 milhões | Brasil: R$ 214,57 milhões",501 | Brasil: 7.386,"R$ 16,47 milhões | Brasil: R$ 260,63 milhões","R$ 14,43 milhões | Brasil: R$ 240,55 milhões","R$ 66,31 milhões | Brasil: R$ 579,17 milhões","R$ 115,79 milhões | Brasil: R$ 1,56 bilhão","708.952 (69,27%) | Brasil: 7.075.845 (55,99%)","R$ 2,11 bilhões | Brasil: R$ 20,29 bilhões",2024-2026,Março/2026,297 | Brasil: 2524,"R$ 395,97 milhões | Brasil: R$ 3,12 bilhões","R$ 218,00 milhões | Brasil: R$ 1,73 bilhões",134 | Brasil: 1681,"R$ 597,05 milhões | Brasil: R$ 7,26 bilhões",62 | Brasil: 683,"R$ 629,15 milhões | Brasil: R$ 6,94 bilhões",342 | Brasil: 2477,"R$ 162,75 milhões | Brasil: R$ 1,20 bilhões","R$ 270,40 milhões | Brasil: R$ 3,43 bilhões","R$ 60,00 milhões - 1 Campus (Jequié) | Brasil: R$ 644,00 milhões","R$ 330,40 milhões | Brasil: R$ 4,07 bilhões","18 Estruturas Acadêmicas = R$ 163,32 milhões | 5 Laboratórios = R$ 45,36 milhões | 6 Salas de Aula = R$ 39,69 milhões | 5 Infraestrutura e Urbanização = R$ 8,42 milhões | 1 Complexo Esportivo = R$ 2,00 milhões | 4 Restaurante Universitário = R$ 6,60 milhões | 1 Biblioteca = R$ 5,00 milhões","R$ 51,51 milhões | Brasil: R$ 1,52 bilhões","R$ 200,00 milhões - 8 campi | Brasil: R$ 2,70 bilhões","R$ 251,51 milhões | Brasil: R$ 4,22 bilhões","11 Restaurante Estudantil - R$ 18,70 milhões | 4 Biblioteca - R$ 6,00 milhões | 2 Infraestrutura - R$ 3,54 milhões | 2 Estruturas Acadêmicas - R$ 16,27 milhões | 3 Equipamento - R$ 4,80 milhões | 4 Equipamento Restaurante - R$ 2,20 milhões",Itabuna | Macaúbas | Poções | Remanso | Ribeira do Pombal | Ruy Barbosa | Salvador | Santo Estêvão,"R$ 34,60 milhões | Brasil: R$ 1,79 bilhões","Reforma para recuperação estrutural, Fachada e Cobertura, Almoxarifado e anatomia patológica do HUPES-UFBA - R$ 34,60 milhões","R$ 20,25 bilhões | Brasil: R$ 269,16 bilhões","R$ 24,38 bilhões | Brasil: R$ 310,34 bilhões","R$ 27,71 bilhões | Brasil: R$ 339,79 bilhões","R$ 6,95 bilhões | Brasil: R$ 84,87 bilhões","R$ 1,50 bilhão | Brasil: R$ 6,95 bilhões","R$ 1,41 bilhão | Brasil: R$ 7,25 bilhões","R$ 104,73 milhões | Brasil: R$ 1,53 bilhão",13.660 | Brasil: 145.708,"R$ 1,24 bilhões | Brasil: R$ 17,76 bilhões",2023-2026,Março/26,700.205 | Brasil: 4.782.680,"R$ 414,77 milhões | Brasil: R$ 2,96 bilhões",2023-2026,Abril/26,"51,9 mil | Brasil: 1.884.660",2 | Brasil: 38,38 | Brasil: 605,23 | Brasil: 339,6 | Brasil: 69,47.035 | Brasil: 1.075.373,"20,10% em 2023 para 31,74% em 2025 (491.192 → 743.710 matrículas) | Brasil: 20,86% em 2023 para 25,82% em 2025 (7.308.315 → 8.830.779 matrículas)","Ensino Médio: caiu de 35,7% em 2023 para 24,0% em 2025 | Brasil: caiu de 21,6% em 2023 para 17,6% em 2025","De 36,80%* em 2023 para 55% em 2025 | Brasil: De 55,90%* em 2023 para 66% em 2025 (*) Em 2023, o SAEB era usado como métrica."
CE,CEARÁ,BRIEFING – Visita Ministerial - CEARÁ,"4.039 (67,6% ) | Brasil: 100.720 (72,9%)",58.266 | Brasil: 1.632.740,"R$ 337,7 milhões | Brasil: R$ 7,16 bilhões",8.583 | Brasil: 173.744,4.333 | Brasil: 75.816,"R$ 10,60 milhões | Brasil: R$ 214,57 milhões",250 | Brasil: 7.386,"R$ 8,96 milhões | Brasil: R$ 260,63 milhões","R$ 19,95 milhões | Brasil: R$ 240,55 milhões","R$ 25,67 milhões | Brasil: R$ 579,17 milhões","R$ 65,18 milhões | Brasil: R$ 1,56 bilhão","483.207 (78,18%) | Brasil: 7.075.845 (55,99%)","R$ 1,52 bilhões | Brasil: R$ 20,29 bilhões",2024-2026,Março/2026,203 | Brasil: 2524,"R$ 302,27 milhões | Brasil: R$ 3,12 bilhões","R$ 187,24 milhões | Brasil: R$ 1,73 bilhões",115 | Brasil: 1681,"R$ 496,48 milhões | Brasil: R$ 7,26 bilhões",59 | Brasil: 683,"R$ 613,61 milhões | Brasil: R$ 6,94 bilhões",213 | Brasil: 2477,"R$ 101,35 milhões | Brasil: R$ 1,20 bilhões","R$ 314,64 milhões | Brasil: R$ 3,43 bilhões","R$ 60,00 milhões - 1 Campus (Baturité) | Brasil: R$ 644,00 milhões","R$ 374,64 milhões | Brasil: R$ 4,07 bilhões","12 Estruturas Acadêmicas = R$ 172,20 milhões | 3 Complexo Esportivo = R$ 9,00 milhões | 3 Biblioteca = R$ 14,26 milhões | 1 Laboratórios = R$ 4,53 milhões | 3 Moradia Estudantil = R$ 7,17 milhões | 5 Infraestrutura e Urbanização = R$ 23,98 milhões | 1 Hospital Universitário = R$ 80,00 milhões | 1 Restaurante Universitário = R$ 3,50 milhões","R$ 53,58 milhões | Brasil: R$ 1,52 bilhões","R$ 150,00 milhões - 6 campi | Brasil: R$ 2,70 bilhões","R$ 203,58 milhões | Brasil: R$ 4,22 bilhões","21 Restaurante Estudantil - R$ 32,77 milhões | 3 Biblioteca - R$ 4,50 milhões | 2 Estruturas Acadêmicas - R$ 1,14 milhões | 1 Laboratórios - R$ 672,41 mil | 1 Equipamento - R$ 7,89 milhões | 12 Equipamento Restaurante - R$ 6,60 milhões",Campos Sales | Cascavel | Fortaleza - São Gerardo - Bloco Administrativo e de Ensino | Fortaleza - Messejana | Lavras da Mangabeira | Mauriti,"R$ 227,55 milhões | Brasil: R$ 1,79 bilhões","Segunda etapa da Unidade Neonatal - MEAC do CH-UFC - R$ 18,99 milhões | Construção do Hospital Universitário da Universidade Federal do Cariri do HU-UFCA - R$ 208,56 milhões","R$ 12,82 bilhões | Brasil: R$ 269,16 bilhões","R$ 15,80 bilhões | Brasil: R$ 310,34 bilhões","R$ 18,58 bilhões | Brasil: R$ 339,79 bilhões","R$ 4,89 bilhões | Brasil: R$ 84,87 bilhões","R$ 1,31 bilhão | Brasil: R$ 6,95 bilhões","R$ 1,06 bilhão | Brasil: R$ 7,25 bilhões","R$ 102,04 milhões | Brasil: R$ 1,53 bilhão",6.159 | Brasil: 145.708,"R$ 1,07 bilhões | Brasil: R$ 17,76 bilhões",2023-2026,Março/26,366.134 | Brasil: 4.782.680,"R$ 272,70 milhões | Brasil: R$ 2,96 bilhões",2023-2026,Abril/26,"57,1 mil | Brasil: 1.884.660",1 | Brasil: 38,33 | Brasil: 605,16 | Brasil: 339,3 | Brasil: 69,36.176 | Brasil: 1.075.373,"44,69% em 2023 para 53,14% em 2025 (706.054 → 827.455 matrículas) | Brasil: 20,86% em 2023 para 25,82% em 2025 (7.308.315 → 8.830.779 matrículas)","Ensino Médio: caiu de 15,2% em 2023 para 11,8% em 2025 | Brasil: caiu de 21,6% em 2023 para 17,6% em 2025","De 84,50%* em 2023 para 84% em 2025 | Brasil: De 55,90%* em 2023 para 66% em 2025 (*) Em 2023, o SAEB era usado como métrica."
DF,DISTRITO FEDERAL,BRIEFING – Visita Ministerial - DISTRITO FEDERAL,"446 (61,8% ) | Brasil: 100.720 (72,9%)",14.341 | Brasil: 1.632.740,"R$ 24,3 milhões | Brasil: R$ 7,16 bilhões",961 | Brasil: 173.744,191 | Brasil: 75.816,"R$ 1,19 milhões | Brasil: R$ 214,57 milhões",29 | Brasil: 7.386,"R$ 1,38 milhões | Brasil: R$ 260,63 milhões","R$ 2,46 milhões | Brasil: R$ 240,55 milhões","R$ 98,24 mil | Brasil: R$ 579,17 milhões","R$ 5,13 milhões | Brasil: R$ 1,56 bilhão","77.948 (49,46%) | Brasil: 7.075.845 (55,99%)","R$ 200,42 milhões | Brasil: R$ 20,29 bilhões",2024-2026,Março/2026,,,,5 | Brasil: 1681,"R$ 21,59 milhões | Brasil: R$ 7,26 bilhões",1 | Brasil: 683,"R$ 11,09 milhões | Brasil: R$ 6,94 bilhões",0 | Brasil: 2477,"R$ 0,00 milhões | Brasil: R$ 1,20 bilhões","R$ 58,90 milhões | Brasil: R$ 3,43 bilhões","R$ 0,00 milhões | Brasil: R$ 644,00 milhões","R$ 58,90 milhões | Brasil: R$ 4,07 bilhões","1 Infraestrutura e Urbanização = R$ 47,00 milhões | 1 Estruturas Acadêmicas = R$ 11,90 milhões","R$ 22,83 milhões | Brasil: R$ 1,52 bilhões","R$ 50,00 milhões - 2 campi | Brasil: R$ 2,70 bilhões","R$ 72,83 milhões | Brasil: R$ 4,22 bilhões","9 Restaurante Estudantil - R$ 12,71 milhões | 1 Infraestrutura - R$ 5,25 milhões | 1 Estruturas Acadêmicas - R$ 527,00 mil | 3 Equipamento - R$ 4,34 milhões",Sol Nascente | Sobradinho,"R$ 0 | Brasil: R$ 1,79 bilhões",,"R$ 2,82 bilhões | Brasil: R$ 269,16 bilhões","R$ 3,22 bilhões | Brasil: R$ 310,34 bilhões","R$ 3,40 bilhões | Brasil: R$ 339,79 bilhões","R$ 834,84 milhões | Brasil: R$ 84,87 bilhões","R$ 0,00 milhões | Brasil: R$ 6,95 bilhões","R$ 0,00 milhões | Brasil: R$ 7,25 bilhões","R$ 0,00 milhões | Brasil: R$ 1,53 bilhão",803 | Brasil: 145.708,"R$ 183,32 milhões | Brasil: R$ 17,76 bilhões",2023-2026,Março/26,16.808 | Brasil: 4.782.680,"R$ 5,56 milhões | Brasil: R$ 2,96 bilhões",2023-2026,Abril/26,"22,8 mil | Brasil: 1.884.660",1 | Brasil: 38,10 | Brasil: 605,4 | Brasil: 339,1 | Brasil: 69,38.840 | Brasil: 1.075.373,"6,68% em 2023 para 8,05% em 2025 (26.767 → 30.916 matrículas) | Brasil: 20,86% em 2023 para 25,82% em 2025 (7.308.315 → 8.830.779 matrículas)","Ensino Médio: caiu de 23,7% em 2023 para 20,2% em 2025 | Brasil: caiu de 21,6% em 2023 para 17,6% em 2025",
ES,ESPÍRITO SANTO,BRIEFING – Visita Ministerial - ESPÍRITO SANTO,"2.030 (77,1% ) | Brasil: 100.720 (72,9%)",32.415 | Brasil: 1.632.740,"R$ 149,2 milhões | Brasil: R$ 7,16 bilhões",4.053 | Brasil: 173.744,1.446 | Brasil: 75.816,"R$ 5,01 milhões | Brasil: R$ 214,57 milhões",113 | Brasil: 7.386,"R$ 4,12 milhões | Brasil: R$ 260,63 milhões","R$ 5,32 milhões | Brasil: R$ 240,55 milhões","R$ 624,56 mil | Brasil: R$ 579,17 milhões","R$ 15,06 milhões | Brasil: R$ 1,56 bilhão","113.497 (48,90%) | Brasil: 7.075.845 (55,99%)","R$ 305,84 milhões | Brasil: R$ 20,29 bilhões",2024-2026,Março/2026,6 | Brasil: 2524,"R$ 9,75 milhões | Brasil: R$ 3,12 bilhões","R$ 5,94 milhões | Brasil: R$ 1,73 bilhões",43 | Brasil: 1681,"R$ 191,25 milhões | Brasil: R$ 7,26 bilhões",20 | Brasil: 683,"R$ 198,97 milhões | Brasil: R$ 6,94 bilhões",46 | Brasil: 2477,"R$ 22,03 milhões | Brasil: R$ 1,20 bilhões","R$ 33,00 milhões | Brasil: R$ 3,43 bilhões","R$ 0,00 milhões | Brasil: R$ 644,00 milhões","R$ 33,00 milhões | Brasil: R$ 4,07 bilhões","4 Estruturas Acadêmicas = R$ 28,00 milhões | 1 Infraestrutura e Urbanização = R$ 5,00 milhões","R$ 39,98 milhões | Brasil: R$ 1,52 bilhões","R$ 25,00 milhões - 1 campus | Brasil: R$ 2,70 bilhões","R$ 64,98 milhões | Brasil: R$ 4,22 bilhões","7 Restaurante Estudantil - R$ 11,90 milhões | 2 Biblioteca - R$ 3,00 milhões | 3 Demais Obras - R$ 3,30 milhões | 2 Complexo Esportivo - R$ 1,87 milhões | 1 Sede de Campus - R$ 14,95 milhões | 1 Estruturas Acadêmicas - R$ 4,96 milhões",Muniz Freire,"R$ 30,00 milhões | Brasil: R$ 1,79 bilhões","Reforma com ampliação do Prédio Principal: PA, UTI, Banco de Sangue e Banco de Leite. do HUCAM-UFES - R$ 30,00 milhões","R$ 5,27 bilhões | Brasil: R$ 269,16 bilhões","R$ 6,11 bilhões | Brasil: R$ 310,34 bilhões","R$ 6,72 bilhões | Brasil: R$ 339,79 bilhões","R$ 1,51 bilhão | Brasil: R$ 84,87 bilhões","R$ 0,00 milhões | Brasil: R$ 6,95 bilhões","R$ 66,07 milhões | Brasil: R$ 7,25 bilhões","R$ 29,38 milhões | Brasil: R$ 1,53 bilhão",2.686 | Brasil: 145.708,"R$ 294,24 milhões | Brasil: R$ 17,76 bilhões",2023-2026,Março/26,75.093 | Brasil: 4.782.680,"R$ 52,66 milhões | Brasil: R$ 2,96 bilhões",2023-2026,Abril/26,"55,0 mil | Brasil: 1.884.660",1 | Brasil: 38,23 | Brasil: 605,4 | Brasil: 339,1 | Brasil: 69,22.859 | Brasil: 1.075.373,"15,18% em 2023 para 19,66% em 2025 (107.629 → 139.424 matrículas) | Brasil: 20,86% em 2023 para 25,82% em 2025 (7.308.315 → 8.830.779 matrículas)","Ensino Médio: caiu de 20,6% em 2023 para 14,8% em 2025 | Brasil: caiu de 21,6% em 2023 para 17,6% em 2025","De 67,93%* em 2023 para 77% em 2025 | Brasil: De 55,90%* em 2023 para 66% em 2025 (*) Em 2023, o SAEB era usado como métrica."
GO,GOIÁS,BRIEFING – Visita Ministerial - GOIÁS,"2.908 (81,3% ) | Brasil: 100.720 (72,9%)",52.166 | Brasil: 1.632.740,"R$ 206,3 milhões | Brasil: R$ 7,16 bilhões",5.083 | Brasil: 173.744,1.634 | Brasil: 75.816,"R$ 6,28 milhões | Brasil: R$ 214,57 milhões",367 | Brasil: 7.386,"R$ 13,15 milhões | Brasil: R$ 260,63 milhões","R$ 8,89 milhões | Brasil: R$ 240,55 milhões","R$ 16,55 milhões | Brasil: R$ 579,17 milhões","R$ 44,87 milhões | Brasil: R$ 1,56 bilhão","218.164 (47,71%) | Brasil: 7.075.845 (55,99%)","R$ 582,90 milhões | Brasil: R$ 20,29 bilhões",2024-2026,Março/2026,74 | Brasil: 2524,"R$ 73,60 milhões | Brasil: R$ 3,12 bilhões","R$ 44,99 milhões | Brasil: R$ 1,73 bilhões",107 | Brasil: 1681,"R$ 441,12 milhões | Brasil: R$ 7,26 bilhões",18 | Brasil: 683,"R$ 176,99 milhões | Brasil: R$ 6,94 bilhões",41 | Brasil: 2477,"R$ 20,63 milhões | Brasil: R$ 1,20 bilhões","R$ 82,46 milhões | Brasil: R$ 3,43 bilhões","R$ 60,00 milhões - 1 Campus (Cidade Ocidental) | Brasil: R$ 644,00 milhões","R$ 142,46 milhões | Brasil: R$ 4,07 bilhões","1 Restaurante Universitário = R$ 7,50 milhões | 3 Estruturas Acadêmicas = R$ 20,59 milhões | 2 Laboratórios = R$ 15,06 milhões | 2 Moradia Estudantil = R$ 32,81 milhões | 1 Complexo Esportivo = R$ 2,90 milhões | 1 Infraestrutura e Urbanização = R$ 3,60 milhões","R$ 72,85 milhões | Brasil: R$ 1,52 bilhões","R$ 75,00 milhões - 3 campi | Brasil: R$ 2,70 bilhões","R$ 147,85 milhões | Brasil: R$ 4,22 bilhões","13 Restaurante Estudantil - R$ 22,10 milhões | 1 Sede Reitoria - R$ 6,00 milhões | 2 Complexo Esportivo - R$ 1,85 milhões | 3 Laboratórios - R$ 2,03 milhões | 3 Infraestrutura - R$ 2,75 milhões | 1 Demais Obras - R$ 323,67 mil | 2 Sala de Aula - R$ 1,03 milhões | 1 Sede de Campus - R$ 5,45 milhões | 2 Estruturas Acadêmicas - R$ 23,32 milhões | 1 Equipamento - R$ 1,94 milhões | 11 Equipamento Restaurante - R$ 6,05 milhões",Cavalcante | Porangatu | Quirinópolis,"R$ 0 | Brasil: R$ 1,79 bilhões",,"R$ 8,42 bilhões | Brasil: R$ 269,16 bilhões","R$ 9,71 bilhões | Brasil: R$ 310,34 bilhões","R$ 10,28 bilhões | Brasil: R$ 339,79 bilhões","R$ 2,56 bilhões | Brasil: R$ 84,87 bilhões","R$ 0,00 milhões | Brasil: R$ 6,95 bilhões","R$ 51,68 milhões | Brasil: R$ 7,25 bilhões","R$ 123,34 milhões | Brasil: R$ 1,53 bilhão",3.762 | Brasil: 145.708,"R$ 535,75 milhões | Brasil: R$ 17,76 bilhões",2023-2026,Março/26,63.078 | Brasil: 4.782.680,"R$ 41,75 milhões | Brasil: R$ 2,96 bilhões",2023-2026,Abril/26,"45,7 mil | Brasil: 1.884.660",2 | Brasil: 38,26 | Brasil: 605,9 | Brasil: 339,3 | Brasil: 69,24.132 | Brasil: 1.075.373,"17,01% em 2023 para 21,50% em 2025 (189.132 → 246.329 matrículas) | Brasil: 20,86% em 2023 para 25,82% em 2025 (7.308.315 → 8.830.779 matrículas)","Ensino Médio: caiu de 13,9% em 2023 para 11,7% em 2025 | Brasil: caiu de 21,6% em 2023 para 17,6% em 2025","De 66,70%* em 2023 para 80% em 2025 | Brasil: De 55,90%* em 2023 para 66% em 2025 (*) Em 2023, o SAEB era usado como métrica."
MA,MARANHÃO,BRIEFING – Visita Ministerial - MARANHÃO,"7.727 (76,7% ) | Brasil: 100.720 (72,9%)",64.703 | Brasil: 1.632.740,"R$ 365,3 milhões | Brasil: R$ 7,16 bilhões",11.485 | Brasil: 173.744,7.934 | Brasil: 75.816,"R$ 14,18 milhões | Brasil: R$ 214,57 milhões",279 | Brasil: 7.386,"R$ 9,67 milhões | Brasil: R$ 260,63 milhões","R$ 10,14 milhões | Brasil: R$ 240,55 milhões","R$ 31,68 milhões | Brasil: R$ 579,17 milhões","R$ 65,67 milhões | Brasil: R$ 1,56 bilhão","406.174 (77,88%) | Brasil: 7.075.845 (55,99%)","R$ 1,27 bilhões | Brasil: R$ 20,29 bilhões",2024-2026,Março/2026,543 | Brasil: 2524,"R$ 585,31 milhões | Brasil: R$ 3,12 bilhões","R$ 276,33 milhões | Brasil: R$ 1,73 bilhões",106 | Brasil: 1681,"R$ 461,62 milhões | Brasil: R$ 7,26 bilhões",55 | Brasil: 683,"R$ 537,70 milhões | Brasil: R$ 6,94 bilhões",195 | Brasil: 2477,"R$ 93,64 milhões | Brasil: R$ 1,20 bilhões","R$ 39,59 milhões | Brasil: R$ 3,43 bilhões","R$ 0,00 milhões | Brasil: R$ 644,00 milhões","R$ 39,59 milhões | Brasil: R$ 4,07 bilhões","7 Estruturas Acadêmicas = R$ 22,00 milhões | 1 Infraestrutura e Urbanização = R$ 9,00 milhões | 1 Salas de Aula = R$ 7,00 milhões | 1 Biblioteca = R$ 1,59 milhões","R$ 49,79 milhões | Brasil: R$ 1,52 bilhões","R$ 100,00 milhões - 4 campi | Brasil: R$ 2,70 bilhões","R$ 149,79 milhões | Brasil: R$ 4,22 bilhões","7 Restaurante Estudantil - R$ 11,30 milhões | 8 Complexo Esportivo - R$ 13,12 milhões | 1 Sede de Campus - R$ 7,80 milhões | 3 Estruturas Acadêmicas - R$ 14,97 milhões | 1 Equipamento - R$ 1,50 milhões | 2 Equipamento Restaurante - R$ 1,10 milhões",Amarante do Maranhão | Balsas | Chapadinha | Colinas,"R$ 25,00 milhões | Brasil: R$ 1,79 bilhões","Construção da Unidade Ambulatorial do HU-UFMA - unificação de todos os ambulatórios do complexo. do HU-UFMA - R$ 25,00 milhões","R$ 12,73 bilhões | Brasil: R$ 269,16 bilhões","R$ 15,88 bilhões | Brasil: R$ 310,34 bilhões","R$ 18,28 bilhões | Brasil: R$ 339,79 bilhões","R$ 4,57 bilhões | Brasil: R$ 84,87 bilhões","R$ 1,30 bilhão | Brasil: R$ 6,95 bilhões","R$ 1,15 bilhão | Brasil: R$ 7,25 bilhões","R$ 163,94 milhões | Brasil: R$ 1,53 bilhão",10.420 | Brasil: 145.708,"R$ 889,40 milhões | Brasil: R$ 17,76 bilhões",2023-2026,Março/26,263.976 | Brasil: 4.782.680,"R$ 196,24 milhões | Brasil: R$ 2,96 bilhões",2023-2026,Abril/26,"44,0 mil | Brasil: 1.884.660",1 | Brasil: 38,29 | Brasil: 605,9 | Brasil: 339,1 | Brasil: 69,37.212 | Brasil: 1.075.373,"29,32% em 2023 para 35,25% em 2025 (438.909 → 508.682 matrículas) | Brasil: 20,86% em 2023 para 25,82% em 2025 (7.308.315 → 8.830.779 matrículas)","Ensino Médio: caiu de 25,0% em 2023 para 22,4% em 2025 | Brasil: caiu de 21,6% em 2023 para 17,6% em 2025","De 56,43%* em 2023 para 69% em 2025 | Brasil: De 55,90%* em 2023 para 66% em 2025 (*) Em 2023, o SAEB era usado como métrica."
MG,MINAS GERAIS,BRIEFING – Visita Ministerial - MINAS GERAIS,"9.001 (74,6% ) | Brasil: 100.720 (72,9%)",152.294 | Brasil: 1.632.740,"R$ 494,0 milhões | Brasil: R$ 7,16 bilhões",19.001 | Brasil: 173.744,5.671 | Brasil: 75.816,"R$ 23,47 milhões | Brasil: R$ 214,57 milhões",996 | Brasil: 7.386,"R$ 34,26 milhões | Brasil: R$ 260,63 milhões","R$ 22,61 milhões | Brasil: R$ 240,55 milhões","R$ 66,96 milhões | Brasil: R$ 579,17 milhões","R$ 147,29 milhões | Brasil: R$ 1,56 bilhão","600.667 (51,58%) | Brasil: 7.075.845 (55,99%)","R$ 1,66 bilhões | Brasil: R$ 20,29 bilhões",2024-2026,Março/2026,123 | Brasil: 2524,"R$ 143,25 milhões | Brasil: R$ 3,12 bilhões","R$ 80,10 milhões | Brasil: R$ 1,73 bilhões",131 | Brasil: 1681,"R$ 540,33 milhões | Brasil: R$ 7,26 bilhões",34 | Brasil: 683,"R$ 321,94 milhões | Brasil: R$ 6,94 bilhões",193 | Brasil: 2477,"R$ 92,00 milhões | Brasil: R$ 1,20 bilhões","R$ 393,92 milhões | Brasil: R$ 3,43 bilhões","R$ 60,00 milhões - 1 Campus (Ipatinga) | Brasil: R$ 644,00 milhões","R$ 453,92 milhões | Brasil: R$ 4,07 bilhões","11 Estruturas Acadêmicas = R$ 175,26 milhões | 8 Salas de Aula = R$ 92,10 milhões | 7 Restaurante Universitário = R$ 13,30 milhões | 7 Complexo Esportivo = R$ 58,80 milhões | 12 Infraestrutura e Urbanização = R$ 32,46 milhões | 2 Laboratórios = R$ 12,50 milhões | 2 Biblioteca = R$ 4,20 milhões | 1 Moradia Estudantil = R$ 5,30 milhões","R$ 208,35 milhões | Brasil: R$ 1,52 bilhões","R$ 225,00 milhões - 9 campi | Brasil: R$ 2,70 bilhões","R$ 433,35 milhões | Brasil: R$ 4,22 bilhões","33 Restaurante Estudantil - R$ 57,63 milhões | 10 Biblioteca - R$ 15,00 milhões | 3 Sede de Campus - R$ 41,06 milhões | 4 Complexo Esportivo - R$ 7,40 milhões | 7 Estruturas Acadêmicas - R$ 17,50 milhões | 5 Demais Obras - R$ 10,92 milhões | 1 Laboratórios - R$ 2,68 milhões | 6 Infraestrutura - R$ 6,99 milhões | 3 Sala de Aula - R$ 19,97 milhões | 8 Equipamento - R$ 10,91 milhões | 1 Sede de Campus AX - R$ 5,53 milhões | 5 Equipamento Restaurante - R$ 2,75 milhões | 1 Sede Reitoria - R$ 10,00 milhões",Belo Horizonte | Bom Despacho | Caratinga | Contagem | Itajubá | João Monlevade | Minas Novas | Sete Lagoas | São João Nepomuceno,"R$ 303,46 milhões | Brasil: R$ 1,79 bilhões","Finalização de obra do novo HU. do HU-UFLA - R$ 67,08 milhões | Reforma com ampliação: Hospital Dia, Farmácia oncológica e SPDA +UTR do HC-UFTM - R$ 8,50 milhões | Reforma da GO e Centro Obstétrico e Reforma com ampliação do Berçário .  do HC-UFTM - R$ 11,50 milhões | Obras de retomada do Novo Hospital Universitário de Juiz de Fora do HU-UFJF - R$ 216,38 milhões","R$ 23,86 bilhões | Brasil: R$ 269,16 bilhões","R$ 26,99 bilhões | Brasil: R$ 310,34 bilhões","R$ 29,21 bilhões | Brasil: R$ 339,79 bilhões","R$ 7,69 bilhões | Brasil: R$ 84,87 bilhões","R$ 0,00 milhões | Brasil: R$ 6,95 bilhões","R$ 109,04 milhões | Brasil: R$ 7,25 bilhões","R$ 47,12 milhões | Brasil: R$ 1,53 bilhão",12.958 | Brasil: 145.708,"R$ 1,59 bilhões | Brasil: R$ 17,76 bilhões",2023-2026,Março/26,356.504 | Brasil: 4.782.680,"R$ 208,01 milhões | Brasil: R$ 2,96 bilhões",2023-2026,Abril/26,"163,5 mil | Brasil: 1.884.660",5 | Brasil: 38,58 | Brasil: 605,40 | Brasil: 339,11 | Brasil: 69,149.058 | Brasil: 1.075.373,"14,86% em 2023 para 18,44% em 2025 (488.605 → 599.370 matrículas) | Brasil: 20,86% em 2023 para 25,82% em 2025 (7.308.315 → 8.830.779 matrículas)","Ensino Médio: caiu de 17,1% em 2023 para 13,7% em 2025 | Brasil: caiu de 21,6% em 2023 para 17,6% em 2025","De 59,81%* em 2023 para 74% em 2025 | Brasil: De 55,90%* em 2023 para 66% em 2025 (*) Em 2023, o SAEB era usado como métrica."
MS,MATO GROSSO DO SUL,BRIEFING – Visita Ministerial - MATO GROSSO DO SUL,"1.100 (79,9% ) | Brasil: 100.720 (72,9%)",30.435 | Brasil: 1.632.740,"R$ 79,3 milhões | Brasil: R$ 7,16 bilhões",2.152 | Brasil: 173.744,641 | Brasil: 75.816,"R$ 2,66 milhões | Brasil: R$ 214,57 milhões",117 | Brasil: 7.386,"R$ 4,26 milhões | Brasil: R$ 260,63 milhões","R$ 3,86 milhões | Brasil: R$ 240,55 milhões","R$ 7,50 milhões | Brasil: R$ 579,17 milhões","R$ 18,28 milhões | Brasil: R$ 1,56 bilhão","82.007 (47,38%) | Brasil: 7.075.845 (55,99%)","R$ 220,06 milhões | Brasil: R$ 20,29 bilhões",2024-2026,Março/2026,22 | Brasil: 2524,"R$ 33,42 milhões | Brasil: R$ 3,12 bilhões","R$ 17,45 milhões | Brasil: R$ 1,73 bilhões",33 | Brasil: 1681,"R$ 151,16 milhões | Brasil: R$ 7,26 bilhões",16 | Brasil: 683,"R$ 161,92 milhões | Brasil: R$ 6,94 bilhões",39 | Brasil: 2477,"R$ 18,15 milhões | Brasil: R$ 1,20 bilhões","R$ 40,44 milhões | Brasil: R$ 3,43 bilhões","R$ 0,00 milhões | Brasil: R$ 644,00 milhões","R$ 40,44 milhões | Brasil: R$ 4,07 bilhões","1 Salas de Aula = R$ 2,68 milhões | 4 Estruturas Acadêmicas = R$ 14,37 milhões | 8 Complexo Esportivo = R$ 8,00 milhões | 2 Infraestrutura e Urbanização = R$ 15,39 milhões","R$ 38,36 milhões | Brasil: R$ 1,52 bilhões","R$ 50,00 milhões - 2 campi | Brasil: R$ 2,70 bilhões","R$ 88,36 milhões | Brasil: R$ 4,22 bilhões","8 Restaurante Estudantil - R$ 13,60 milhões | 3 Estruturas Acadêmicas - R$ 5,09 milhões | 1 Complexo Esportivo - R$ 634,50 mil | 1 Demais Obras - R$ 864,67 mil | 1 Equipamento - R$ 3,56 milhões | 2 Biblioteca - R$ 3,00 milhões | 1 Sede de Campus - R$ 11,06 milhões | 1 Equipamento Restaurante - R$ 550,00 mil",Amambai | Paranaíba,"R$ 65,51 milhões | Brasil: R$ 1,79 bilhões","Construção da Unidade da Mulher e da Criança do HU-UFGD - R$ 31,00 milhões | Reforma geral do Centro Cirúrgico do HUMAP-UFMS - R$ 9,51 milhões | Reforma do ambulatório, Clínica Médica, da sala da hemodinâmica, reestruturação elétrica e de SPDA do HUMAP-UFMS - R$ 12,00 milhões | Reforma das enfermarias do HU. do HU-UFGD - R$ 13,00 milhões","R$ 4,49 bilhões | Brasil: R$ 269,16 bilhões","R$ 4,97 bilhões | Brasil: R$ 310,34 bilhões","R$ 5,30 bilhões | Brasil: R$ 339,79 bilhões","R$ 1,24 bilhão | Brasil: R$ 84,87 bilhões","R$ 0,00 milhões | Brasil: R$ 6,95 bilhões","R$ 3,69 milhões | Brasil: R$ 7,25 bilhões","R$ 7,93 milhões | Brasil: R$ 1,53 bilhão",1.493 | Brasil: 145.708,"R$ 263,57 milhões | Brasil: R$ 17,76 bilhões",2023-2026,Março/26,49.389 | Brasil: 4.782.680,"R$ 34,69 milhões | Brasil: R$ 2,96 bilhões",2023-2026,Abril/26,"82,7 mil | Brasil: 1.884.660",1 | Brasil: 38,10 | Brasil: 605,11 | Brasil: 339,2 | Brasil: 69,32.712 | Brasil: 1.075.373,"15,75% em 2023 para 18,34% em 2025 (87.421 → 101.690 matrículas) | Brasil: 20,86% em 2023 para 25,82% em 2025 (7.308.315 → 8.830.779 matrículas)","Ensino Médio: caiu de 25,6% em 2023 para 20,8% em 2025 | Brasil: caiu de 21,6% em 2023 para 17,6% em 2025","De 47,45%* em 2023 para 66% em 2025 | Brasil: De 55,90%* em 2023 para 66% em 2025 (*) Em 2023, o SAEB era usado como métrica."
MT,MATO GROSSO,BRIEFING – Visita Ministerial - MATO GROSSO,"1.718 (76,8% ) | Brasil: 100.720 (72,9%)",26.984 | Brasil: 1.632.740,"R$ 85,5 milhões | Brasil: R$ 7,16 bilhões",2.674 | Brasil: 173.744,933 | Brasil: 75.816,"R$ 3,30 milhões | Brasil: R$ 214,57 milhões",183 | Brasil: 7.386,"R$ 6,56 milhões | Brasil: R$ 260,63 milhões","R$ 5,34 milhões | Brasil: R$ 240,55 milhões","R$ 18,02 milhões | Brasil: R$ 579,17 milhões","R$ 33,22 milhões | Brasil: R$ 1,56 bilhão","118.366 (45,85%) | Brasil: 7.075.845 (55,99%)","R$ 302,91 milhões | Brasil: R$ 20,29 bilhões",2024-2026,Março/2026,38 | Brasil: 2524,"R$ 36,11 milhões | Brasil: R$ 3,12 bilhões","R$ 21,02 milhões | Brasil: R$ 1,73 bilhões",46 | Brasil: 1681,"R$ 220,77 milhões | Brasil: R$ 7,26 bilhões",12 | Brasil: 683,"R$ 133,88 milhões | Brasil: R$ 6,94 bilhões",43 | Brasil: 2477,"R$ 20,38 milhões | Brasil: R$ 1,20 bilhões","R$ 30,95 milhões | Brasil: R$ 3,43 bilhões","R$ 69,00 milhões - 1 Campus (Lucas do Rio Verde) | Brasil: R$ 644,00 milhões","R$ 99,95 milhões | Brasil: R$ 4,07 bilhões","5 Salas de Aula = R$ 19,10 milhões | 1 Biblioteca = R$ 1,50 milhões | 1 Complexo Esportivo = R$ 3,00 milhões | 1 Infraestrutura e Urbanização = R$ 5,20 milhões | 1 Restaurante Universitário = R$ 2,15 milhões","R$ 42,51 milhões | Brasil: R$ 1,52 bilhões","R$ 75,00 milhões - 3 campi | Brasil: R$ 2,70 bilhões","R$ 117,51 milhões | Brasil: R$ 4,22 bilhões","8 Restaurante Estudantil - R$ 13,60 milhões | 2 Sede de Campus - R$ 14,21 milhões | 2 Estruturas Acadêmicas - R$ 13,29 milhões | 2 Infraestrutura - R$ 1,41 milhões",Canarana | Colniza | Água Boa,"R$ 0 | Brasil: R$ 1,79 bilhões",,"R$ 6,15 bilhões | Brasil: R$ 269,16 bilhões","R$ 6,68 bilhões | Brasil: R$ 310,34 bilhões","R$ 7,67 bilhões | Brasil: R$ 339,79 bilhões","R$ 1,82 bilhão | Brasil: R$ 84,87 bilhões","R$ 0,00 milhões | Brasil: R$ 6,95 bilhões","R$ 4,62 milhões | Brasil: R$ 7,25 bilhões","R$ 29,23 milhões | Brasil: R$ 1,53 bilhão",2.316 | Brasil: 145.708,"R$ 343,24 milhões | Brasil: R$ 17,76 bilhões",2023-2026,Março/26,78.742 | Brasil: 4.782.680,"R$ 51,09 milhões | Brasil: R$ 2,96 bilhões",2023-2026,Abril/26,"29,6 mil | Brasil: 1.884.660",1 | Brasil: 38,19 | Brasil: 605,6 | Brasil: 339,2 | Brasil: 69,19.129 | Brasil: 1.075.373,"14,01% em 2023 para 12,36% em 2025 (104.115 → 94.306 matrículas) | Brasil: 20,86% em 2023 para 25,82% em 2025 (7.308.315 → 8.830.779 matrículas)","Ensino Médio: caiu de 17,7% em 2023 para 10,3% em 2025 | Brasil: caiu de 21,6% em 2023 para 17,6% em 2025","De 55,06%* em 2023 para 75% em 2025 | Brasil: De 55,90%* em 2023 para 66% em 2025 (*) Em 2023, o SAEB era usado como métrica."
PA,PARÁ,BRIEFING – Visita Ministerial - PARÁ,"6.473 (67,2% ) | Brasil: 100.720 (72,9%)",127.391 | Brasil: 1.632.740,"R$ 728,2 milhões | Brasil: R$ 7,16 bilhões",9.467 | Brasil: 173.744,6.047 | Brasil: 75.816,"R$ 11,69 milhões | Brasil: R$ 214,57 milhões",265 | Brasil: 7.386,"R$ 9,67 milhões | Brasil: R$ 260,63 milhões","R$ 13,31 milhões | Brasil: R$ 240,55 milhões","R$ 12,90 milhões | Brasil: R$ 579,17 milhões","R$ 47,57 milhões | Brasil: R$ 1,56 bilhão","480.118 (75,09%) | Brasil: 7.075.845 (55,99%)","R$ 1,49 bilhões | Brasil: R$ 20,29 bilhões",2024-2026,Março/2026,360 | Brasil: 2524,"R$ 417,21 milhões | Brasil: R$ 3,12 bilhões","R$ 254,17 milhões | Brasil: R$ 1,73 bilhões",95 | Brasil: 1681,"R$ 396,43 milhões | Brasil: R$ 7,26 bilhões",39 | Brasil: 683,"R$ 395,47 milhões | Brasil: R$ 6,94 bilhões",167 | Brasil: 2477,"R$ 83,36 milhões | Brasil: R$ 1,20 bilhões","R$ 133,79 milhões | Brasil: R$ 3,43 bilhões","R$ 35,00 milhões - 1 Campus (Rurópolis) | Brasil: R$ 644,00 milhões","R$ 168,79 milhões | Brasil: R$ 4,07 bilhões","1 Infraestrutura e Urbanização = R$ 500,00 mil | 6 Salas de Aula = R$ 35,62 milhões | 2 Laboratórios = R$ 15,80 milhões | 2 Restaurante Universitário = R$ 5,00 milhões | 8 Estruturas Acadêmicas = R$ 75,37 milhões | 1 Moradia Estudantil = R$ 1,50 milhões","R$ 54,43 milhões | Brasil: R$ 1,52 bilhões","R$ 125,00 milhões - 5 campi | Brasil: R$ 2,70 bilhões","R$ 179,43 milhões | Brasil: R$ 4,22 bilhões","10 Restaurante Estudantil - R$ 20,31 milhões | 1 Biblioteca - R$ 1,50 milhões | 4 Estruturas Acadêmicas - R$ 27,55 milhões | 1 Laboratórios - R$ 5,07 milhões",Alenquer | Barcarena | Redenção | Tailândia | Viseu,"R$ 52,00 milhões | Brasil: R$ 1,79 bilhões","Construção de novo bloco assistencial de alta complexidade (UTI Adulto e UTI Pediátrica, Centro Cirúrgico, CME e laboratório); do CHU-UFPA - R$ 42,00 milhões | Reestruturação das instalações de  Prevenção e Combate à Incêndio e Instalações Elétricas do CHU-UFPA - R$ 10,00 milhões","R$ 14,15 bilhões | Brasil: R$ 269,16 bilhões","R$ 16,22 bilhões | Brasil: R$ 310,34 bilhões","R$ 18,52 bilhões | Brasil: R$ 339,79 bilhões","R$ 4,59 bilhões | Brasil: R$ 84,87 bilhões","R$ 1,34 bilhão | Brasil: R$ 6,95 bilhões","R$ 1,02 bilhão | Brasil: R$ 7,25 bilhões","R$ 147,20 milhões | Brasil: R$ 1,53 bilhão",9.669 | Brasil: 145.708,"R$ 782,41 milhões | Brasil: R$ 17,76 bilhões",2023-2026,Março/26,587.962 | Brasil: 4.782.680,"R$ 371,55 milhões | Brasil: R$ 2,96 bilhões",2023-2026,Abril/26,"27,0 mil | Brasil: 1.884.660",1 | Brasil: 38,18 | Brasil: 605,31 | Brasil: 339,4 | Brasil: 69,56.926 | Brasil: 1.075.373,"8,99% em 2023 para 17,24% em 2025 (162.869 → 308.667 matrículas) | Brasil: 20,86% em 2023 para 25,82% em 2025 (7.308.315 → 8.830.779 matrículas)","Ensino Médio: caiu de 34,7% em 2023 para 30,2% em 2025 | Brasil: caiu de 21,6% em 2023 para 17,6% em 2025","De 48,40%* em 2023 para 58% em 2025 | Brasil: De 55,90%* em 2023 para 66% em 2025 (*) Em 2023, o SAEB era usado como métrica."
PB,PARAÍBA,BRIEFING – Visita Ministerial - PARAÍBA,"2.960 (79,5% ) | Brasil: 100.720 (72,9%)",29.811 | Brasil: 1.632.740,"R$ 186,9 milhões | Brasil: R$ 7,16 bilhões",4.271 | Brasil: 173.744,2.537 | Brasil: 75.816,"R$ 5,27 milhões | Brasil: R$ 214,57 milhões",273 | Brasil: 7.386,"R$ 9,36 milhões | Brasil: R$ 260,63 milhões","R$ 4,62 milhões | Brasil: R$ 240,55 milhões","R$ 26,00 milhões | Brasil: R$ 579,17 milhões","R$ 45,26 milhões | Brasil: R$ 1,56 bilhão","192.207 (74,21%) | Brasil: 7.075.845 (55,99%)","R$ 584,43 milhões | Brasil: R$ 20,29 bilhões",2024-2026,Março/2026,61 | Brasil: 2524,"R$ 74,47 milhões | Brasil: R$ 3,12 bilhões","R$ 39,46 milhões | Brasil: R$ 1,73 bilhões",44 | Brasil: 1681,"R$ 176,83 milhões | Brasil: R$ 7,26 bilhões",43 | Brasil: 683,"R$ 413,21 milhões | Brasil: R$ 6,94 bilhões",131 | Brasil: 2477,"R$ 65,31 milhões | Brasil: R$ 1,20 bilhões","R$ 47,10 milhões | Brasil: R$ 3,43 bilhões","R$ 0,00 milhões | Brasil: R$ 644,00 milhões","R$ 47,10 milhões | Brasil: R$ 4,07 bilhões","2 Salas de Aula = R$ 10,19 milhões | 1 Complexo Esportivo = R$ 28,00 milhões | 1 Estruturas Acadêmicas = R$ 4,71 milhões | 1 Infraestrutura e Urbanização = R$ 3,20 milhões | 1 Laboratórios = R$ 1,00 milhões","R$ 69,03 milhões | Brasil: R$ 1,52 bilhões","R$ 100,00 milhões - 4 campi | Brasil: R$ 2,70 bilhões","R$ 169,03 milhões | Brasil: R$ 4,22 bilhões","3 Sede de Campus - R$ 37,15 milhões | 5 Biblioteca - R$ 7,50 milhões | 5 Restaurante Estudantil - R$ 8,50 milhões | 1 Sede Reitoria - R$ 4,10 milhões | 3 Infraestrutura - R$ 2,34 milhões | 2 Sede de Campus AX - R$ 9,44 milhões",Alagoa Grande | Mamanguape | Queimadas | Sapé,"R$ 32,83 milhões | Brasil: R$ 1,79 bilhões","Construção de um Bloco novo da UTI adulto para ampliação da UTI pediátrica do HUAC-UFCG - R$ 6,70 milhões | Reforma da Ala Pediátrica, Construção da Subestação e do Abrigo de Resíduos. do HUAC-UFCG - R$ 4,13 milhões | Reforma do Centro Cirurgico, Centro Obstétrico e UTI do HULW-UFPB - R$ 22,00 milhões","R$ 5,57 bilhões | Brasil: R$ 269,16 bilhões","R$ 6,54 bilhões | Brasil: R$ 310,34 bilhões","R$ 7,26 bilhões | Brasil: R$ 339,79 bilhões","R$ 1,75 bilhão | Brasil: R$ 84,87 bilhões","R$ 72,15 milhões | Brasil: R$ 6,95 bilhões","R$ 292,02 milhões | Brasil: R$ 7,25 bilhões","R$ 32,90 milhões | Brasil: R$ 1,53 bilhão",3.707 | Brasil: 145.708,"R$ 365,99 milhões | Brasil: R$ 17,76 bilhões",2023-2026,Março/26,141.864 | Brasil: 4.782.680,"R$ 83,64 milhões | Brasil: R$ 2,96 bilhões",2023-2026,Abril/26,"33,9 mil | Brasil: 1.884.660",1 | Brasil: 38,21 | Brasil: 605,11 | Brasil: 339,2 | Brasil: 69,42.087 | Brasil: 1.075.373,"30,28% em 2023 para 37,15% em 2025 (200.055 → 243.604 matrículas) | Brasil: 20,86% em 2023 para 25,82% em 2025 (7.308.315 → 8.830.779 matrículas)","Ensino Médio: caiu de 28,3% em 2023 para 26,1% em 2025 | Brasil: caiu de 21,6% em 2023 para 17,6% em 2025","De 51,12%* em 2023 para 71% em 2025 | Brasil: De 55,90%* em 2023 para 66% em 2025 (*) Em 2023, o SAEB era usado como métrica."
PE,PERNAMBUCO,BRIEFING – Visita Ministerial - PERNAMBUCO,"4.221 (71,7% ) | Brasil: 100.720 (72,9%)",72.157 | Brasil: 1.632.740,"R$ 393,9 milhões | Brasil: R$ 7,16 bilhões",8.056 | Brasil: 173.744,4.317 | Brasil: 75.816,"R$ 9,95 milhões | Brasil: R$ 214,57 milhões",233 | Brasil: 7.386,"R$ 8,25 milhões | Brasil: R$ 260,63 milhões","R$ 10,14 milhões | Brasil: R$ 240,55 milhões","R$ 18,43 milhões | Brasil: R$ 579,17 milhões","R$ 46,77 milhões | Brasil: R$ 1,56 bilhão","467.006 (75,13%) | Brasil: 7.075.845 (55,99%)","R$ 1,42 bilhões | Brasil: R$ 20,29 bilhões",2024-2026,Março/2026,76 | Brasil: 2524,"R$ 126,29 milhões | Brasil: R$ 3,12 bilhões","R$ 57,64 milhões | Brasil: R$ 1,73 bilhões",130 | Brasil: 1681,"R$ 520,48 milhões | Brasil: R$ 7,26 bilhões",45 | Brasil: 683,"R$ 452,27 milhões | Brasil: R$ 6,94 bilhões",162 | Brasil: 2477,"R$ 80,69 milhões | Brasil: R$ 1,20 bilhões","R$ 161,27 milhões | Brasil: R$ 3,43 bilhões","R$ 60,00 milhões - 1 Campus (Sertânia) | Brasil: R$ 644,00 milhões","R$ 221,27 milhões | Brasil: R$ 4,07 bilhões","6 Estruturas Acadêmicas = R$ 136,00 milhões | 1 Infraestrutura e Urbanização = R$ 1,90 milhões | 1 Salas de Aula = R$ 12,90 milhões | 1 Laboratórios = R$ 10,00 milhões | 1 Restaurante Universitário = R$ 472,90 mil","R$ 72,39 milhões | Brasil: R$ 1,52 bilhões","R$ 150,00 milhões - 6 campi | Brasil: R$ 2,70 bilhões","R$ 222,39 milhões | Brasil: R$ 4,22 bilhões","3 Biblioteca - R$ 4,50 milhões | 2 Sede Reitoria - R$ 20,00 milhões | 11 Restaurante Estudantil - R$ 18,70 milhões | 1 Infraestrutura - R$ 1,50 milhões | 1 Sede de Campus - R$ 20,25 milhões | 4 Equipamento - R$ 6,90 milhões | 1 Equipamento Restaurante - R$ 550,00 mil",Araripina | Bezerros | Goiana | Recife | Santa Cruz do Capibaribe | Águas Belas,"R$ 58,00 milhões | Brasil: R$ 1,79 bilhões","Reforma com ampliação do Centro Cirúrgico do HU-UNIVASF - R$ 6,00 milhões | Reforma com Ampliação das UTIs e Centro Cirúrgico, Recuperação da Fachada e Cobertura, Reestruturação Elétrica e Sistema de Combate à Incêndio do HC-UFPE - R$ 52,00 milhões","R$ 10,67 bilhões | Brasil: R$ 269,16 bilhões","R$ 12,83 bilhões | Brasil: R$ 310,34 bilhões","R$ 14,13 bilhões | Brasil: R$ 339,79 bilhões","R$ 3,70 bilhões | Brasil: R$ 84,87 bilhões","R$ 420,73 milhões | Brasil: R$ 6,95 bilhões","R$ 475,92 milhões | Brasil: R$ 7,25 bilhões","R$ 128,47 milhões | Brasil: R$ 1,53 bilhão",5.971 | Brasil: 145.708,"R$ 778,96 milhões | Brasil: R$ 17,76 bilhões",2023-2026,Março/26,267.732 | Brasil: 4.782.680,"R$ 188,34 milhões | Brasil: R$ 2,96 bilhões",2023-2026,Abril/26,"39,8 mil | Brasil: 1.884.660",2 | Brasil: 38,23 | Brasil: 605,12 | Brasil: 339,4 | Brasil: 69,49.200 | Brasil: 1.075.373,"23,71% em 2023 para 27,53% em 2025 (345.706 → 397.869 matrículas) | Brasil: 20,86% em 2023 para 25,82% em 2025 (7.308.315 → 8.830.779 matrículas)","Ensino Médio: caiu de 20,3% em 2023 para 18,0% em 2025 | Brasil: caiu de 21,6% em 2023 para 17,6% em 2025","De 59,00%* em 2023 para 66% em 2025 | Brasil: De 55,90%* em 2023 para 66% em 2025 (*) Em 2023, o SAEB era usado como métrica."
PI,PIAUÍ,BRIEFING – Visita Ministerial - PIAUÍ,"2.994 (84,2% ) | Brasil: 100.720 (72,9%)",31.704 | Brasil: 1.632.740,"R$ 202,7 milhões | Brasil: R$ 7,16 bilhões",4.315 | Brasil: 173.744,2.393 | Brasil: 75.816,"R$ 5,33 milhões | Brasil: R$ 214,57 milhões",289 | Brasil: 7.386,"R$ 10,27 milhões | Brasil: R$ 260,63 milhões","R$ 5,02 milhões | Brasil: R$ 240,55 milhões","R$ 36,78 milhões | Brasil: R$ 579,17 milhões","R$ 57,40 milhões | Brasil: R$ 1,56 bilhão","187.389 (72,71%) | Brasil: 7.075.845 (55,99%)","R$ 569,35 milhões | Brasil: R$ 20,29 bilhões",2024-2026,Março/2026,123 | Brasil: 2524,"R$ 110,40 milhões | Brasil: R$ 3,12 bilhões","R$ 66,22 milhões | Brasil: R$ 1,73 bilhões",75 | Brasil: 1681,"R$ 321,94 milhões | Brasil: R$ 7,26 bilhões",41 | Brasil: 683,"R$ 389,42 milhões | Brasil: R$ 6,94 bilhões",148 | Brasil: 2477,"R$ 71,73 milhões | Brasil: R$ 1,20 bilhões","R$ 39,25 milhões | Brasil: R$ 3,43 bilhões","R$ 0,00 milhões | Brasil: R$ 644,00 milhões","R$ 39,25 milhões | Brasil: R$ 4,07 bilhões","1 Restaurante Universitário = R$ 915,72 mil | 2 Salas de Aula = R$ 6,60 milhões | 1 Biblioteca = R$ 2,20 milhões | 2 Infraestrutura e Urbanização = R$ 5,50 milhões | 1 Laboratórios = R$ 1,65 milhões | 1 Estruturas Acadêmicas = R$ 22,38 milhões","R$ 24,48 milhões | Brasil: R$ 1,52 bilhões","R$ 90,00 milhões - 4 campi | Brasil: R$ 2,70 bilhões","R$ 114,48 milhões | Brasil: R$ 4,22 bilhões","2 Biblioteca - R$ 3,00 milhões | 10 Restaurante Estudantil - R$ 10,89 milhões | 1 Sala de Aula - R$ 1,49 milhões | 4 Infraestrutura - R$ 805,30 mil | 3 Equipamento - R$ 2,81 milhões | 10 Equipamento Restaurante - R$ 5,50 milhões",Altos | Barras | Esperantina | Luzilândia,"R$ 0 | Brasil: R$ 1,79 bilhões",,"R$ 5,89 bilhões | Brasil: R$ 269,16 bilhões","R$ 6,71 bilhões | Brasil: R$ 310,34 bilhões","R$ 7,93 bilhões | Brasil: R$ 339,79 bilhões","R$ 2,22 bilhões | Brasil: R$ 84,87 bilhões","R$ 444,72 milhões | Brasil: R$ 6,95 bilhões","R$ 483,81 milhões | Brasil: R$ 7,25 bilhões","R$ 64,93 milhões | Brasil: R$ 1,53 bilhão",3.587 | Brasil: 145.708,"R$ 420,70 milhões | Brasil: R$ 17,76 bilhões",2023-2026,Março/26,159.351 | Brasil: 4.782.680,"R$ 120,31 milhões | Brasil: R$ 2,96 bilhões",2023-2026,Abril/26,"33,1 mil | Brasil: 1.884.660",1 | Brasil: 38,20 | Brasil: 605,6 | Brasil: 339,3 | Brasil: 69,24.073 | Brasil: 1.075.373,"44,99% em 2023 para 56,53% em 2025 (281.219 → 341.909 matrículas) | Brasil: 20,86% em 2023 para 25,82% em 2025 (7.308.315 → 8.830.779 matrículas)","Ensino Médio: caiu de 28,4% em 2023 para 21,7% em 2025 | Brasil: caiu de 21,6% em 2023 para 17,6% em 2025","De 52,48%* em 2023 para 77% em 2025 | Brasil: De 55,90%* em 2023 para 66% em 2025 (*) Em 2023, o SAEB era usado como métrica."
PR,PARANÁ,BRIEFING – Visita Ministerial - PARANÁ,"6.384 (86,2% ) | Brasil: 100.720 (72,9%)",119.727 | Brasil: 1.632.740,"R$ 560,1 milhões | Brasil: R$ 7,16 bilhões",9.936 | Brasil: 173.744,3.642 | Brasil: 75.816,"R$ 12,27 milhões | Brasil: R$ 214,57 milhões",497 | Brasil: 7.386,"R$ 17,36 milhões | Brasil: R$ 260,63 milhões","R$ 13,15 milhões | Brasil: R$ 240,55 milhões","R$ 21,81 milhões | Brasil: R$ 579,17 milhões","R$ 64,58 milhões | Brasil: R$ 1,56 bilhão","258.586 (37,90%) | Brasil: 7.075.845 (55,99%)","R$ 672,65 milhões | Brasil: R$ 20,29 bilhões",2024-2026,Março/2026,49 | Brasil: 2524,"R$ 89,43 milhões | Brasil: R$ 3,12 bilhões","R$ 54,53 milhões | Brasil: R$ 1,73 bilhões",85 | Brasil: 1681,"R$ 399,62 milhões | Brasil: R$ 7,26 bilhões",15 | Brasil: 683,"R$ 163,23 milhões | Brasil: R$ 6,94 bilhões",55 | Brasil: 2477,"R$ 25,85 milhões | Brasil: R$ 1,20 bilhões","R$ 867,50 milhões | Brasil: R$ 3,43 bilhões","R$ 0,00 milhões | Brasil: R$ 644,00 milhões","R$ 867,50 milhões | Brasil: R$ 4,07 bilhões","14 Estruturas Acadêmicas = R$ 833,50 milhões | 1 Laboratórios = R$ 1,00 milhões | 2 Biblioteca = R$ 6,50 milhões | 1 Salas de Aula = R$ 5,50 milhões | 1 Moradia Estudantil = R$ 10,00 milhões | 1 Infraestrutura e Urbanização = R$ 9,00 milhões | 1 Complexo Esportivo = R$ 2,00 milhões","R$ 40,05 milhões | Brasil: R$ 1,52 bilhões","R$ 140,00 milhões - 6 campi | Brasil: R$ 2,70 bilhões","R$ 180,05 milhões | Brasil: R$ 4,22 bilhões","12 Restaurante Estudantil - R$ 20,40 milhões | 1 Sede de Campus - R$ 10,00 milhões | 1 Laboratórios - R$ 696,12 mil | 2 Demais Obras - R$ 1,70 milhões | 2 Estruturas Acadêmicas - R$ 1,71 milhões | 1 Infraestrutura - R$ 498,43 mil | 2 Equipamento - R$ 2,29 milhões | 5 Equipamento Restaurante - R$ 2,75 milhões",Araucária | Cambé | Cianorte | Maringá | Ponta Grossa | Toledo,"R$ 0 | Brasil: R$ 1,79 bilhões",,"R$ 14,31 bilhões | Brasil: R$ 269,16 bilhões","R$ 16,18 bilhões | Brasil: R$ 310,34 bilhões","R$ 17,52 bilhões | Brasil: R$ 339,79 bilhões","R$ 4,47 bilhões | Brasil: R$ 84,87 bilhões","R$ 0,00 milhões | Brasil: R$ 6,95 bilhões","R$ 17,11 milhões | Brasil: R$ 7,25 bilhões","R$ 190,92 milhões | Brasil: R$ 1,53 bilhão",7.999 | Brasil: 145.708,"R$ 937,80 milhões | Brasil: R$ 17,76 bilhões",2023-2026,Março/26,273.614 | Brasil: 4.782.680,"R$ 121,17 milhões | Brasil: R$ 2,96 bilhões",2023-2026,Abril/26,"30,6 mil | Brasil: 1.884.660",1 | Brasil: 38,26 | Brasil: 605,29 | Brasil: 339,4 | Brasil: 69,60.755 | Brasil: 1.075.373,"18,81% em 2023 para 22,28% em 2025 (364.501 → 423.307 matrículas) | Brasil: 20,86% em 2023 para 25,82% em 2025 (7.308.315 → 8.830.779 matrículas)","Ensino Médio: caiu de 12,5% em 2023 para 9,1% em 2025 | Brasil: caiu de 21,6% em 2023 para 17,6% em 2025","De 73,12%* em 2023 para 80% em 2025 | Brasil: De 55,90%* em 2023 para 66% em 2025 (*) Em 2023, o SAEB era usado como métrica."
RJ,RIO DE JANEIRO,BRIEFING – Visita Ministerial - RIO DE JANEIRO,"4.854 (70,3% ) | Brasil: 100.720 (72,9%)",72.617 | Brasil: 1.632.740,"R$ 282,7 milhões | Brasil: R$ 7,16 bilhões",10.858 | Brasil: 173.744,3.500 | Brasil: 75.816,"R$ 13,41 milhões | Brasil: R$ 214,57 milhões",136 | Brasil: 7.386,"R$ 4,99 milhões | Brasil: R$ 260,63 milhões","R$ 11,25 milhões | Brasil: R$ 240,55 milhões","R$ 13,79 milhões | Brasil: R$ 579,17 milhões","R$ 43,44 milhões | Brasil: R$ 1,56 bilhão","487.497 (57,57%) | Brasil: 7.075.845 (55,99%)","R$ 1,35 bilhões | Brasil: R$ 20,29 bilhões",2024-2026,Março/2026,25 | Brasil: 2524,"R$ 29,97 milhões | Brasil: R$ 3,12 bilhões","R$ 11,07 milhões | Brasil: R$ 1,73 bilhões",63 | Brasil: 1681,"R$ 279,57 milhões | Brasil: R$ 7,26 bilhões",29 | Brasil: 683,"R$ 313,42 milhões | Brasil: R$ 6,94 bilhões",42 | Brasil: 2477,"R$ 21,55 milhões | Brasil: R$ 1,20 bilhões","R$ 143,91 milhões | Brasil: R$ 3,43 bilhões","R$ 0,00 milhões | Brasil: R$ 644,00 milhões","R$ 143,91 milhões | Brasil: R$ 4,07 bilhões","3 Estruturas Acadêmicas = R$ 34,50 milhões | 3 Salas de Aula = R$ 37,52 milhões | 3 Moradia Estudantil = R$ 59,00 milhões | 2 Restaurante Universitário = R$ 1,47 milhões | 1 Laboratórios = R$ 2,63 milhões | 2 Complexo Esportivo = R$ 2,00 milhões | 1 Infraestrutura e Urbanização = R$ 6,80 milhões","R$ 92,56 milhões | Brasil: R$ 1,52 bilhões","R$ 125,00 milhões - 5 campi | Brasil: R$ 2,70 bilhões","R$ 217,56 milhões | Brasil: R$ 4,22 bilhões","22 Restaurante Estudantil - R$ 30,42 milhões | 7 Infraestrutura - R$ 13,13 milhões | 1 Biblioteca - R$ 1,50 milhões | 1 Demais Obras - R$ 222,88 mil | 3 Estruturas Acadêmicas - R$ 6,31 milhões | 5 Equipamento - R$ 9,90 milhões | 2 Sede de Campus - R$ 31,06 milhões",Magé | Piraí | Rio de Janeiro - Parque Olímpico | Rio de Janeiro - Complexo do Alemão | Teresópolis,"R$ 115,00 milhões | Brasil: R$ 1,79 bilhões","Reforma do Complexo Hospitalar da Universidade Federal do Rio de Janeiro (CH-UFRJ). do CH-UFRJ - R$ 115,00 milhões","R$ 15,95 bilhões | Brasil: R$ 269,16 bilhões","R$ 16,36 bilhões | Brasil: R$ 310,34 bilhões","R$ 16,92 bilhões | Brasil: R$ 339,79 bilhões","R$ 4,62 bilhões | Brasil: R$ 84,87 bilhões","R$ -38,28 milhões | Brasil: R$ 6,95 bilhões","R$ 29,24 milhões | Brasil: R$ 7,25 bilhões","R$ 12,84 milhões | Brasil: R$ 1,53 bilhão",7.382 | Brasil: 145.708,"R$ 1,07 bilhões | Brasil: R$ 17,76 bilhões",2023-2026,Março/26,72.732 | Brasil: 4.782.680,"R$ 36,93 milhões | Brasil: R$ 2,96 bilhões",2023-2026,Abril/26,"43,5 mil | Brasil: 1.884.660",2 | Brasil: 38,27 | Brasil: 605,25 | Brasil: 339,4 | Brasil: 69,126.141 | Brasil: 1.075.373,"19,71% em 2023 para 23,66% em 2025 (435.036 → 507.235 matrículas) | Brasil: 20,86% em 2023 para 25,82% em 2025 (7.308.315 → 8.830.779 matrículas)","Ensino Médio: caiu de 32,6% em 2023 para 29,8% em 2025 | Brasil: caiu de 21,6% em 2023 para 17,6% em 2025","De 52,13%* em 2023 para 60% em 2025 | Brasil: De 55,90%* em 2023 para 66% em 2025 (*) Em 2023, o SAEB era usado como métrica."
RN,RIO GRANDE DO NORTE,BRIEFING – Visita Ministerial - RIO GRANDE DO NORTE,"2.253 (83,0% ) | Brasil: 100.720 (72,9%)",36.144 | Brasil: 1.632.740,"R$ 141,1 milhões | Brasil: R$ 7,16 bilhões",3.227 | Brasil: 173.744,1.779 | Brasil: 75.816,"R$ 3,99 milhões | Brasil: R$ 214,57 milhões",217 | Brasil: 7.386,"R$ 7,69 milhões | Brasil: R$ 260,63 milhões","R$ 4,05 milhões | Brasil: R$ 240,55 milhões","R$ 26,61 milhões | Brasil: R$ 579,17 milhões","R$ 42,35 milhões | Brasil: R$ 1,56 bilhão","140.443 (72,84%) | Brasil: 7.075.845 (55,99%)","R$ 440,90 milhões | Brasil: R$ 20,29 bilhões",2024-2026,Março/2026,81 | Brasil: 2524,"R$ 68,97 milhões | Brasil: R$ 3,12 bilhões","R$ 37,56 milhões | Brasil: R$ 1,73 bilhões",50 | Brasil: 1681,"R$ 211,82 milhões | Brasil: R$ 7,26 bilhões",24 | Brasil: 683,"R$ 235,34 milhões | Brasil: R$ 6,94 bilhões",129 | Brasil: 2477,"R$ 62,53 milhões | Brasil: R$ 1,20 bilhões","R$ 68,70 milhões | Brasil: R$ 3,43 bilhões","R$ 0,00 milhões | Brasil: R$ 644,00 milhões","R$ 68,70 milhões | Brasil: R$ 4,07 bilhões","5 Complexo Esportivo = R$ 29,50 milhões | 4 Estruturas Acadêmicas = R$ 13,10 milhões | 5 Infraestrutura e Urbanização = R$ 22,20 milhões | 1 Salas de Aula = R$ 3,90 milhões","R$ 13,10 milhões | Brasil: R$ 1,52 bilhões","R$ 75,00 milhões - 3 campi | Brasil: R$ 2,70 bilhões","R$ 88,10 milhões | Brasil: R$ 4,22 bilhões","4 Restaurante Estudantil - R$ 4,01 milhões | 1 Estruturas Acadêmicas - R$ 556,63 mil | 5 Infraestrutura - R$ 1,55 milhões | 2 Equipamento - R$ 5,99 milhões | 1 Biblioteca - R$ 1,00 milhões",São Miguel | Touros | Umarizal,"R$ 40,00 milhões | Brasil: R$ 1,79 bilhões","Construção do novo bloco de Centro Cirúrgico CME, UTI Adulto, UTI Pediátrica e Hemodiálise do HUOL-UFRN - R$ 40,00 milhões","R$ 4,15 bilhões | Brasil: R$ 269,16 bilhões","R$ 4,69 bilhões | Brasil: R$ 310,34 bilhões","R$ 5,21 bilhões | Brasil: R$ 339,79 bilhões","R$ 1,28 bilhão | Brasil: R$ 84,87 bilhões","R$ 0,00 milhões | Brasil: R$ 6,95 bilhões","R$ 118,72 milhões | Brasil: R$ 7,25 bilhões","R$ 20,89 milhões | Brasil: R$ 1,53 bilhão",2.694 | Brasil: 145.708,"R$ 268,54 milhões | Brasil: R$ 17,76 bilhões",2023-2026,Março/26,91.459 | Brasil: 4.782.680,"R$ 60,20 milhões | Brasil: R$ 2,96 bilhões",2023-2026,Abril/26,"45,4 mil | Brasil: 1.884.660",1 | Brasil: 38,22 | Brasil: 605,9 | Brasil: 339,2 | Brasil: 69,43.362 | Brasil: 1.075.373,"10,84% em 2023 para 17,17% em 2025 (60.743 → 92.517 matrículas) | Brasil: 20,86% em 2023 para 25,82% em 2025 (7.308.315 → 8.830.779 matrículas)","Ensino Médio: caiu de 39,1% em 2023 para 34,2% em 2025 | Brasil: caiu de 21,6% em 2023 para 17,6% em 2025","De 37,24%* em 2023 para 48% em 2025 | Brasil: De 55,90%* em 2023 para 66% em 2025 (*) Em 2023, o SAEB era usado como métrica."
RO,RONDÔNIA,BRIEFING – Visita Ministerial - RONDÔNIA,"762 (74,3% ) | Brasil: 100.720 (72,9%)",7.055 | Brasil: 1.632.740,"R$ 30,9 milhões | Brasil: R$ 7,16 bilhões",1.264 | Brasil: 173.744,496 | Brasil: 75.816,"R$ 1,56 milhões | Brasil: R$ 214,57 milhões",106 | Brasil: 7.386,"R$ 4,15 milhões | Brasil: R$ 260,63 milhões","R$ 1,58 milhões | Brasil: R$ 240,55 milhões","R$ 12,60 milhões | Brasil: R$ 579,17 milhões","R$ 19,89 milhões | Brasil: R$ 1,56 bilhão","65.571 (48,99%) | Brasil: 7.075.845 (55,99%)","R$ 173,92 milhões | Brasil: R$ 20,29 bilhões",2024-2026,Março/2026,23 | Brasil: 2524,"R$ 27,15 milhões | Brasil: R$ 3,12 bilhões","R$ 18,03 milhões | Brasil: R$ 1,73 bilhões",24 | Brasil: 1681,"R$ 109,28 milhões | Brasil: R$ 7,26 bilhões",7 | Brasil: 683,"R$ 79,31 milhões | Brasil: R$ 6,94 bilhões",31 | Brasil: 2477,"R$ 14,25 milhões | Brasil: R$ 1,20 bilhões","R$ 16,30 milhões | Brasil: R$ 3,43 bilhões","R$ 0,00 milhões | Brasil: R$ 644,00 milhões","R$ 16,30 milhões | Brasil: R$ 4,07 bilhões","1 Estruturas Acadêmicas = R$ 3,60 milhões | 1 Salas de Aula = R$ 7,00 milhões | 2 Infraestrutura e Urbanização = R$ 2,50 milhões | 1 Restaurante Universitário = R$ 1,80 milhões | 1 Complexo Esportivo = R$ 1,40 milhões","R$ 27,51 milhões | Brasil: R$ 1,52 bilhões","R$ 25,00 milhões - 1 campus | Brasil: R$ 2,70 bilhões","R$ 52,51 milhões | Brasil: R$ 4,22 bilhões","2 Estruturas Acadêmicas - R$ 4,35 milhões | 2 Demais Obras - R$ 2,95 milhões | 1 Equipamento - R$ 603,41 mil | 3 Restaurante Estudantil - R$ 5,10 milhões | 3 Biblioteca - R$ 4,50 milhões | 1 Sede Reitoria - R$ 10,00 milhões",Buritis,"R$ 0 | Brasil: R$ 1,79 bilhões",,"R$ 2,69 bilhões | Brasil: R$ 269,16 bilhões","R$ 3,07 bilhões | Brasil: R$ 310,34 bilhões","R$ 3,33 bilhões | Brasil: R$ 339,79 bilhões","R$ 785,12 milhões | Brasil: R$ 84,87 bilhões","R$ 0,00 milhões | Brasil: R$ 6,95 bilhões","R$ 0,78 milhões | Brasil: R$ 7,25 bilhões","R$ 7,05 milhões | Brasil: R$ 1,53 bilhão",1.065 | Brasil: 145.708,"R$ 138,76 milhões | Brasil: R$ 17,76 bilhões",2023-2026,Março/26,76.915 | Brasil: 4.782.680,"R$ 35,79 milhões | Brasil: R$ 2,96 bilhões",2023-2026,Abril/26,"21,9 mil | Brasil: 1.884.660",1 | Brasil: 38,10 | Brasil: 605,8 | Brasil: 339,1 | Brasil: 69,6.131 | Brasil: 1.075.373,"5,08% em 2023 para 6,41% em 2025 (16.428 → 20.434 matrículas) | Brasil: 20,86% em 2023 para 25,82% em 2025 (7.308.315 → 8.830.779 matrículas)","Ensino Médio: caiu de 17,6% em 2023 para 13,8% em 2025 | Brasil: caiu de 21,6% em 2023 para 17,6% em 2025","De 64,60%* em 2023 para 75% em 2025 | Brasil: De 55,90%* em 2023 para 66% em 2025 (*) Em 2023, o SAEB era usado como métrica."
RR,RORAIMA,BRIEFING – Visita Ministerial - RORAIMA,"467 (54,1% ) | Brasil: 100.720 (72,9%)",4.550 | Brasil: 1.632.740,"R$ 17,5 milhões | Brasil: R$ 7,16 bilhões",446 | Brasil: 173.744,130 | Brasil: 75.816,"R$ 0,55 milhões | Brasil: R$ 214,57 milhões",29 | Brasil: 7.386,"R$ 1,15 milhões | Brasil: R$ 260,63 milhões","R$ 0,39 milhões | Brasil: R$ 240,55 milhões","R$ 5,00 milhões | Brasil: R$ 579,17 milhões","R$ 7,09 milhões | Brasil: R$ 1,56 bilhão","26.324 (59,94%) | Brasil: 7.075.845 (55,99%)","R$ 74,03 milhões | Brasil: R$ 20,29 bilhões",2024-2026,Março/2026,6 | Brasil: 2524,"R$ 8,33 milhões | Brasil: R$ 3,12 bilhões","R$ 3,01 milhões | Brasil: R$ 1,73 bilhões",5 | Brasil: 1681,"R$ 23,36 milhões | Brasil: R$ 7,26 bilhões",4 | Brasil: 683,"R$ 43,01 milhões | Brasil: R$ 6,94 bilhões",16 | Brasil: 2477,"R$ 8,04 milhões | Brasil: R$ 1,20 bilhões","R$ 8,40 milhões | Brasil: R$ 3,43 bilhões","R$ 0,00 milhões | Brasil: R$ 644,00 milhões","R$ 8,40 milhões | Brasil: R$ 4,07 bilhões","2 Salas de Aula = R$ 3,00 milhões | 1 Laboratórios = R$ 700,00 mil | 1 Estruturas Acadêmicas = R$ 4,70 milhões","R$ 21,05 milhões | Brasil: R$ 1,52 bilhões","R$ 25,00 milhões - 1 campus | Brasil: R$ 2,70 bilhões","R$ 46,05 milhões | Brasil: R$ 4,22 bilhões","2 Biblioteca - R$ 3,00 milhões | 2 Restaurante Estudantil - R$ 3,40 milhões | 1 Sede Reitoria - R$ 10,00 milhões | 1 Laboratórios - R$ 318,20 mil | 2 Equipamento - R$ 4,33 milhões",Rorainópolis,"R$ 50,00 milhões | Brasil: R$ 1,79 bilhões","Reforma de Hospital Municipal cedido à UFRR do HU-UFRR - R$ 50,00 milhões","R$ 1,47 bilhões | Brasil: R$ 269,16 bilhões","R$ 1,73 bilhões | Brasil: R$ 310,34 bilhões","R$ 1,91 bilhões | Brasil: R$ 339,79 bilhões","R$ 452,97 milhões | Brasil: R$ 84,87 bilhões","R$ 0,00 milhões | Brasil: R$ 6,95 bilhões","R$ 8,11 milhões | Brasil: R$ 7,25 bilhões","R$ 1,42 milhões | Brasil: R$ 1,53 bilhão",858 | Brasil: 145.708,"R$ 66,98 milhões | Brasil: R$ 17,76 bilhões",2023-2026,Março/26,29.344 | Brasil: 4.782.680,"R$ 12,95 milhões | Brasil: R$ 2,96 bilhões",2023-2026,Abril/26,"7,2 mil | Brasil: 1.884.660",1 | Brasil: 38,5 | Brasil: 605,3 | Brasil: 339,1 | Brasil: 69,4.797 | Brasil: 1.075.373,"7,06% em 2023 para 7,70% em 2025 (11.205 → 12.624 matrículas) | Brasil: 20,86% em 2023 para 25,82% em 2025 (7.308.315 → 8.830.779 matrículas)","Ensino Médio: caiu de 22,6% em 2023 para 23,7% em 2025 | Brasil: caiu de 21,6% em 2023 para 17,6% em 2025",
RS,RIO GRANDE DO SUL,BRIEFING – Visita Ministerial - RIO GRANDE DO SUL,"5.998 (82,9% ) | Brasil: 100.720 (72,9%)",59.731 | Brasil: 1.632.740,"R$ 173,7 milhões | Brasil: R$ 7,16 bilhões",9.734 | Brasil: 173.744,4.457 | Brasil: 75.816,"R$ 12,02 milhões | Brasil: R$ 214,57 milhões",589 | Brasil: 7.386,"R$ 20,26 milhões | Brasil: R$ 260,63 milhões","R$ 16,35 milhões | Brasil: R$ 240,55 milhões","R$ 38,09 milhões | Brasil: R$ 579,17 milhões","R$ 86,72 milhões | Brasil: R$ 1,56 bilhão","216.158 (38,93%) | Brasil: 7.075.845 (55,99%)","R$ 518,88 milhões | Brasil: R$ 20,29 bilhões",2024-2026,Março/2026,74 | Brasil: 2524,"R$ 105,86 milhões | Brasil: R$ 3,12 bilhões","R$ 69,42 milhões | Brasil: R$ 1,73 bilhões",72 | Brasil: 1681,"R$ 301,34 milhões | Brasil: R$ 7,26 bilhões",12 | Brasil: 683,"R$ 134,99 milhões | Brasil: R$ 6,94 bilhões",120 | Brasil: 2477,"R$ 54,44 milhões | Brasil: R$ 1,20 bilhões","R$ 150,94 milhões | Brasil: R$ 3,43 bilhões","R$ 60,00 milhões - 1 Campus (Caxias do Sul) | Brasil: R$ 644,00 milhões","R$ 210,94 milhões | Brasil: R$ 4,07 bilhões","7 Estruturas Acadêmicas = R$ 18,47 milhões | 10 Restaurante Universitário = R$ 18,39 milhões | 13 Infraestrutura e Urbanização = R$ 82,58 milhões | 4 Moradia Estudantil = R$ 11,20 milhões | 5 Salas de Aula = R$ 13,30 milhões | 1 Complexo Esportivo = R$ 2,00 milhões | 1 Laboratórios = R$ 5,00 milhões","R$ 95,29 milhões | Brasil: R$ 1,52 bilhões","R$ 180,00 milhões - 8 campi | Brasil: R$ 2,70 bilhões","R$ 275,29 milhões | Brasil: R$ 4,22 bilhões","20 Restaurante Estudantil - R$ 32,90 milhões | 10 Biblioteca - R$ 15,00 milhões | 1 Sede de Campus - R$ 15,53 milhões | 10 Infraestrutura - R$ 4,92 milhões | 3 Demais Obras - R$ 2,40 milhões | 4 Estruturas Acadêmicas - R$ 4,11 milhões | 5 Equipamento - R$ 8,24 milhões | 1 Sede Reitoria - R$ 10,00 milhões | 4 Equipamento Restaurante - R$ 2,20 milhões",Caçapava do Sul | Gramado | Porto Alegre | Rosário do Sul | Santa Maria | São Leopoldo | São Luiz Gonzaga | Triunfo,"R$ 364,28 milhões | Brasil: R$ 1,79 bilhões","Reforma das áreas de oncologia adulto e pediátrica, fachada e cobertura do HUSM-UFSM  - R$ 8,28 milhões | Construção dos blocos 1 e 2 do novo Hospital Escola da Universidade Federal de Pelotas do HE-UFPEL - R$ 274,00 milhões | Reformas e ampliações para o HU-FURG do HU-FURG - R$ 50,00 milhões | Reforma para Reestruturação elétrica; Reforma da fachada; Cobertura;Construção Almoxarifado e Administração. do HUSM-UFSM - R$ 32,00 milhões","R$ 13,64 bilhões | Brasil: R$ 269,16 bilhões","R$ 15,65 bilhões | Brasil: R$ 310,34 bilhões","R$ 16,16 bilhões | Brasil: R$ 339,79 bilhões","R$ 4,02 bilhões | Brasil: R$ 84,87 bilhões","R$ 0,00 milhões | Brasil: R$ 6,95 bilhões","R$ 1,96 milhões | Brasil: R$ 7,25 bilhões","R$ 37,07 milhões | Brasil: R$ 1,53 bilhão",7.887 | Brasil: 145.708,"R$ 824,23 milhões | Brasil: R$ 17,76 bilhões",2023-2026,Março/26,173.497 | Brasil: 4.782.680,"R$ 119,00 milhões | Brasil: R$ 2,96 bilhões",2023-2026,Abril/26,"836,7 mil | Brasil: 1.884.660",3 | Brasil: 38,42 | Brasil: 605,30 | Brasil: 339,7 | Brasil: 69,83.148 | Brasil: 1.075.373,"14,45% em 2023 para 19,05% em 2025 (244.302 → 311.013 matrículas) | Brasil: 20,86% em 2023 para 25,82% em 2025 (7.308.315 → 8.830.779 matrículas)","Ensino Médio: caiu de 26,5% em 2023 para 20,0% em 2025 | Brasil: caiu de 21,6% em 2023 para 17,6% em 2025","De 63,40%* em 2023 para 52% em 2025 | Brasil: De 55,90%* em 2023 para 66% em 2025 (*) Em 2023, o SAEB era usado como métrica."
SC,SANTA CATARINA,BRIEFING – Visita Ministerial - SANTA CATARINA,"4.128 (79,1% ) | Brasil: 100.720 (72,9%)",46.646 | Brasil: 1.632.740,"R$ 213,6 milhões | Brasil: R$ 7,16 bilhões",5.877 | Brasil: 173.744,2.494 | Brasil: 75.816,"R$ 7,26 milhões | Brasil: R$ 214,57 milhões",405 | Brasil: 7.386,"R$ 14,51 milhões | Brasil: R$ 260,63 milhões","R$ 8,94 milhões | Brasil: R$ 240,55 milhões","R$ 13,55 milhões | Brasil: R$ 579,17 milhões","R$ 44,26 milhões | Brasil: R$ 1,56 bilhão","113.874 (26,31%) | Brasil: 7.075.845 (55,99%)","R$ 286,18 milhões | Brasil: R$ 20,29 bilhões",2024-2026,Março/2026,18 | Brasil: 2524,"R$ 39,58 milhões | Brasil: R$ 3,12 bilhões","R$ 22,05 milhões | Brasil: R$ 1,73 bilhões",25 | Brasil: 1681,"R$ 120,07 milhões | Brasil: R$ 7,26 bilhões",24 | Brasil: 683,"R$ 260,41 milhões | Brasil: R$ 6,94 bilhões",40 | Brasil: 2477,"R$ 19,82 milhões | Brasil: R$ 1,20 bilhões","R$ 61,50 milhões | Brasil: R$ 3,43 bilhões","R$ 0,00 milhões | Brasil: R$ 644,00 milhões","R$ 61,50 milhões | Brasil: R$ 4,07 bilhões","6 Estruturas Acadêmicas = R$ 53,00 milhões | 1 Restaurante Universitário = R$ 6,00 milhões | 1 Moradia Estudantil = R$ 2,50 milhões","R$ 54,46 milhões | Brasil: R$ 1,52 bilhões","R$ 75,00 milhões - 3 campi | Brasil: R$ 2,70 bilhões","R$ 129,46 milhões | Brasil: R$ 4,22 bilhões","13 Restaurante Estudantil - R$ 22,10 milhões | 1 Biblioteca - R$ 1,50 milhões | 1 Estruturas Acadêmicas - R$ 3,88 milhões | 1 Complexo Esportivo - R$ 2,01 milhões | 6 Infraestrutura - R$ 2,98 milhões | 4 Equipamento - R$ 3,71 milhões | 5 Equipamento Restaurante - R$ 2,75 milhões | 1 Sede de Campus - R$ 15,53 milhões",Campos Novos | Mafra | Tijucas,"R$ 10,00 milhões | Brasil: R$ 1,79 bilhões","Reforma com ampliação do Centro Obstétrico, Emergência e Internação de GO do HU-UFSC - R$ 10,00 milhões","R$ 10,21 bilhões | Brasil: R$ 269,16 bilhões","R$ 11,84 bilhões | Brasil: R$ 310,34 bilhões","R$ 12,71 bilhões | Brasil: R$ 339,79 bilhões","R$ 3,02 bilhões | Brasil: R$ 84,87 bilhões","R$ 0,00 milhões | Brasil: R$ 6,95 bilhões","R$ 10,41 milhões | Brasil: R$ 7,25 bilhões","R$ 29,08 milhões | Brasil: R$ 1,53 bilhão",5.419 | Brasil: 145.708,"R$ 645,02 milhões | Brasil: R$ 17,76 bilhões",2023-2026,Março/26,185.637 | Brasil: 4.782.680,"R$ 81,09 milhões | Brasil: R$ 2,96 bilhões",2023-2026,Abril/26,"59,1 mil | Brasil: 1.884.660",2 | Brasil: 38,37 | Brasil: 605,6 | Brasil: 339,2 | Brasil: 69,28.715 | Brasil: 1.075.373,"14,92% em 2023 para 17,32% em 2025 (205.313 → 242.094 matrículas) | Brasil: 20,86% em 2023 para 25,82% em 2025 (7.308.315 → 8.830.779 matrículas)","Ensino Médio: caiu de 21,9% em 2023 para 18,6% em 2025 | Brasil: caiu de 21,6% em 2023 para 17,6% em 2025","De 61,38%* em 2023 para 63% em 2025 | Brasil: De 55,90%* em 2023 para 66% em 2025 (*) Em 2023, o SAEB era usado como métrica."
SE,SERGIPE,BRIEFING – Visita Ministerial - SERGIPE,"1.156 (76,2% ) | Brasil: 100.720 (72,9%)",19.020 | Brasil: 1.632.740,"R$ 85,0 milhões | Brasil: R$ 7,16 bilhões",1.940 | Brasil: 173.744,1.106 | Brasil: 75.816,"R$ 2,40 milhões | Brasil: R$ 214,57 milhões",107 | Brasil: 7.386,"R$ 3,86 milhões | Brasil: R$ 260,63 milhões","R$ 2,55 milhões | Brasil: R$ 240,55 milhões","R$ 9,03 milhões | Brasil: R$ 579,17 milhões","R$ 17,84 milhões | Brasil: R$ 1,56 bilhão","109.261 (73,86%) | Brasil: 7.075.845 (55,99%)","R$ 334,84 milhões | Brasil: R$ 20,29 bilhões",2024-2026,Março/2026,24 | Brasil: 2524,"R$ 29,70 milhões | Brasil: R$ 3,12 bilhões","R$ 18,88 milhões | Brasil: R$ 1,73 bilhões",43 | Brasil: 1681,"R$ 163,54 milhões | Brasil: R$ 7,26 bilhões",13 | Brasil: 683,"R$ 124,77 milhões | Brasil: R$ 6,94 bilhões",49 | Brasil: 2477,"R$ 22,92 milhões | Brasil: R$ 1,20 bilhões","R$ 25,36 milhões | Brasil: R$ 3,43 bilhões","R$ 60,00 milhões - 1 Campus (Estância) | Brasil: R$ 644,00 milhões","R$ 85,36 milhões | Brasil: R$ 4,07 bilhões","4 Infraestrutura e Urbanização = R$ 10,06 milhões | 1 Complexo Esportivo = R$ 3,50 milhões | 2 Salas de Aula = R$ 4,45 milhões | 1 Laboratórios = R$ 7,35 milhões","R$ 27,80 milhões | Brasil: R$ 1,52 bilhões","R$ 50,00 milhões - 2 campi | Brasil: R$ 2,70 bilhões","R$ 77,80 milhões | Brasil: R$ 4,22 bilhões","1 Sede de Campus - R$ 9,00 milhões | 1 Infraestrutura - R$ 296,83 mil | 3 Equipamento - R$ 3,20 milhões | 9 Restaurante Estudantil - R$ 15,30 milhões",Aracaju | Japaratuba,"R$ 39,94 milhões | Brasil: R$ 1,79 bilhões","Construção do Centro Administrativo e de Ensino e Pesquisa (CAEPI) do HUL-UFS - R$ 39,94 milhões","R$ 3,07 bilhões | Brasil: R$ 269,16 bilhões","R$ 3,51 bilhões | Brasil: R$ 310,34 bilhões","R$ 4,07 bilhões | Brasil: R$ 339,79 bilhões","R$ 1,01 bilhão | Brasil: R$ 84,87 bilhões","R$ 0,00 milhões | Brasil: R$ 6,95 bilhões","R$ 79,77 milhões | Brasil: R$ 7,25 bilhões","R$ 39,85 milhões | Brasil: R$ 1,53 bilhão",1.522 | Brasil: 145.708,"R$ 196,32 milhões | Brasil: R$ 17,76 bilhões",2023-2026,Março/26,99.100 | Brasil: 4.782.680,"R$ 55,21 milhões | Brasil: R$ 2,96 bilhões",2023-2026,Abril/26,"11,4 mil | Brasil: 1.884.660",1 | Brasil: 38,10 | Brasil: 605,7 | Brasil: 339,1 | Brasil: 69,23.216 | Brasil: 1.075.373,"23,06% em 2023 para 29,54% em 2025 (85.999 → 108.480 matrículas) | Brasil: 20,86% em 2023 para 25,82% em 2025 (7.308.315 → 8.830.779 matrículas)","Ensino Médio: caiu de 32,9% em 2023 para 20,0% em 2025 | Brasil: caiu de 21,6% em 2023 para 17,6% em 2025","De 31,30%* em 2023 para 50% em 2025 | Brasil: De 55,90%* em 2023 para 66% em 2025 (*) Em 2023, o SAEB era usado como métrica."
SP,SÃO PAULO,BRIEFING – Visita Ministerial - SÃO PAULO,"12.520 (65,3% ) | Brasil: 100.720 (72,9%)",281.930 | Brasil: 1.632.740,"R$ 870,4 milhões | Brasil: R$ 7,16 bilhões",24.659 | Brasil: 173.744,5.374 | Brasil: 75.816,"R$ 30,45 milhões | Brasil: R$ 214,57 milhões",917 | Brasil: 7.386,"R$ 32,28 milhões | Brasil: R$ 260,63 milhões","R$ 44,09 milhões | Brasil: R$ 240,55 milhões","R$ 60,74 milhões | Brasil: R$ 579,17 milhões","R$ 167,56 milhões | Brasil: R$ 1,56 bilhão","981.386 (40,15%) | Brasil: 7.075.845 (55,99%)","R$ 2,47 bilhões | Brasil: R$ 20,29 bilhões",2024-2026,Março/2026,43 | Brasil: 2524,"R$ 61,67 milhões | Brasil: R$ 3,12 bilhões","R$ 36,64 milhões | Brasil: R$ 1,73 bilhões",94 | Brasil: 1681,"R$ 445,03 milhões | Brasil: R$ 7,26 bilhões",41 | Brasil: 683,"R$ 410,05 milhões | Brasil: R$ 6,94 bilhões",28 | Brasil: 2477,"R$ 14,03 milhões | Brasil: R$ 1,20 bilhões","R$ 272,31 milhões | Brasil: R$ 3,43 bilhões","R$ 60,00 milhões - 1 Campus (São José do Rio Preto) | Brasil: R$ 644,00 milhões","R$ 332,31 milhões | Brasil: R$ 4,07 bilhões","1 Equipamentos = R$ 8,00 milhões | 4 Infraestrutura e Urbanização = R$ 46,00 milhões | 7 Estruturas Acadêmicas = R$ 149,81 milhões | 1 Complexo Esportivo = R$ 25,00 milhões | 3 Salas de Aula = R$ 22,00 milhões | 1 Restaurante Universitário = R$ 5,00 milhões | 1 Moradia Estudantil = R$ 16,50 milhões","R$ 150,20 milhões | Brasil: R$ 1,52 bilhões","R$ 370,00 milhões - 16 campi | Brasil: R$ 2,70 bilhões","R$ 520,20 milhões | Brasil: R$ 4,22 bilhões","16 Restaurante Estudantil - R$ 27,03 milhões | 7 Sede de Campus - R$ 71,17 milhões | 6 Biblioteca - R$ 9,00 milhões | 1 Sede Reitoria - R$ 9,45 milhões | 4 Sala de Aula - R$ 7,16 milhões | 3 Infraestrutura - R$ 13,74 milhões | 1 Laboratórios - R$ 1,75 milhões | 6 Equipamento - R$ 2,65 milhões | 15 Equipamento Restaurante - R$ 8,25 milhões",Carapicuíba | Cotia | Diadema | Franco da Rocha | Guarujá | Mauá | Osasco | Ribeirão Preto | Santos | Serrana | Sumaré | São Bernardo do Campo | São Paulo - Cidade Tiradentes | São Paulo - Jaçanã | São Paulo - Jardim Ângela | São Vicente,"R$ 281,50 milhões | Brasil: R$ 1,79 bilhões"," Implantação de Unidades de Clínica Cirúrgica e Clínica Médica;  UTI Coronariana, Hospital dia e nova Unidade de Hemodiálise. do HU-UFSCAR - R$ 24,12 milhões | Construção do novo HU. do HU-UNIFESP - R$ 257,38 milhões","R$ 51,98 bilhões | Brasil: R$ 269,16 bilhões","R$ 59,17 bilhões | Brasil: R$ 310,34 bilhões","R$ 62,34 bilhões | Brasil: R$ 339,79 bilhões","R$ 15,04 bilhões | Brasil: R$ 84,87 bilhões","R$ 0,00 milhões | Brasil: R$ 6,95 bilhões","R$ 28,82 milhões | Brasil: R$ 7,25 bilhões","R$ 52,17 milhões | Brasil: R$ 1,53 bilhão",22.485 | Brasil: 145.708,"R$ 3,73 bilhões | Brasil: R$ 17,76 bilhões",2023-2026,Março/26,224.939 | Brasil: 4.782.680,"R$ 127,52 milhões | Brasil: R$ 2,96 bilhões",2023-2026,Abril/26,"67,9 mil | Brasil: 1.884.660",1 | Brasil: 38,41 | Brasil: 605,14 | Brasil: 339,3 | Brasil: 69,41.713 | Brasil: 1.075.373,"25,97% em 2023 para 29,74% em 2025 (1.878.010 → 2.025.782 matrículas) | Brasil: 20,86% em 2023 para 25,82% em 2025 (7.308.315 → 8.830.779 matrículas)","Ensino Médio: caiu de 11,8% em 2023 para 9,8% em 2025 | Brasil: caiu de 21,6% em 2023 para 17,6% em 2025","De 51,91%* em 2023 para 61% em 2025 | Brasil: De 55,90%* em 2023 para 66% em 2025 (*) Em 2023, o SAEB era usado como métrica."
TO,TOCANTINS,BRIEFING – Visita Ministerial - TOCANTINS,"1.130 (81,8% ) | Brasil: 100.720 (72,9%)",21.702 | Brasil: 1.632.740,"R$ 71,8 milhões | Brasil: R$ 7,16 bilhões",1.677 | Brasil: 173.744,823 | Brasil: 75.816,"R$ 2,07 milhões | Brasil: R$ 214,57 milhões",180 | Brasil: 7.386,"R$ 6,49 milhões | Brasil: R$ 260,63 milhões","R$ 1,17 milhões | Brasil: R$ 240,55 milhões","R$ 415,32 mil | Brasil: R$ 579,17 milhões","R$ 10,15 milhões | Brasil: R$ 1,56 bilhão","76.896 (62,29%) | Brasil: 7.075.845 (55,99%)","R$ 213,59 milhões | Brasil: R$ 20,29 bilhões",2024-2026,Março/2026,55 | Brasil: 2524,"R$ 67,41 milhões | Brasil: R$ 3,12 bilhões","R$ 46,19 milhões | Brasil: R$ 1,73 bilhões",24 | Brasil: 1681,"R$ 106,22 milhões | Brasil: R$ 7,26 bilhões",23 | Brasil: 683,"R$ 245,42 milhões | Brasil: R$ 6,94 bilhões",52 | Brasil: 2477,"R$ 25,72 milhões | Brasil: R$ 1,20 bilhões","R$ 37,30 milhões | Brasil: R$ 3,43 bilhões","R$ 0,00 milhões | Brasil: R$ 644,00 milhões","R$ 37,30 milhões | Brasil: R$ 4,07 bilhões","3 Salas de Aula = R$ 20,00 milhões | 1 Complexo Esportivo = R$ 6,30 milhões | 1 Estruturas Acadêmicas = R$ 3,00 milhões | 1 Infraestrutura e Urbanização = R$ 8,00 milhões","R$ 45,23 milhões | Brasil: R$ 1,52 bilhões","R$ 25,00 milhões - 1 campus | Brasil: R$ 2,70 bilhões","R$ 70,23 milhões | Brasil: R$ 4,22 bilhões","2 Restaurante Estudantil - R$ 3,40 milhões | 14 Sede de Campus AX - R$ 16,11 milhões | 2 Sede de Campus - R$ 14,95 milhões | 1 Infraestrutura - R$ 2,10 milhões | 1 Estruturas Acadêmicas - R$ 4,97 milhões | 2 Equipamento - R$ 3,70 milhões",Tocantinópolis,"R$ 0 | Brasil: R$ 1,79 bilhões",,"R$ 2,99 bilhões | Brasil: R$ 269,16 bilhões","R$ 3,41 bilhões | Brasil: R$ 310,34 bilhões","R$ 3,69 bilhões | Brasil: R$ 339,79 bilhões","R$ 871,63 milhões | Brasil: R$ 84,87 bilhões","R$ 0,00 milhões | Brasil: R$ 6,95 bilhões","R$ 13,00 milhões | Brasil: R$ 7,25 bilhões","R$ 8,98 milhões | Brasil: R$ 1,53 bilhão",1.416 | Brasil: 145.708,"R$ 190,20 milhões | Brasil: R$ 17,76 bilhões",2023-2026,Março/26,52.716 | Brasil: 4.782.680,"R$ 28,04 milhões | Brasil: R$ 2,96 bilhões",2023-2026,Abril/26,"16,2 mil | Brasil: 1.884.660",1 | Brasil: 38,12 | Brasil: 605,7 | Brasil: 339,2 | Brasil: 69,13.566 | Brasil: 1.075.373,"30,40% em 2023 para 38,33% em 2025 (101.397 → 126.433 matrículas) | Brasil: 20,86% em 2023 para 25,82% em 2025 (7.308.315 → 8.830.779 matrículas)","Ensino Médio: caiu de 21,1% em 2023 para 10,7% em 2025 | Brasil: caiu de 21,6% em 2023 para 17,6% em 2025","De 43,72%* em 2023 para 61% em 2025 | Brasil: De 55,90%* em 2023 para 66% em 2025 (*) Em 2023, o SAEB era usado como métrica."