uf,territorio,titulo,escolas_conectadas_nivel_4_5,eti_matriculas_fomentadas,eti_valor_fomentado,cnca_cantinho_leitura,cnca_escolas_apoiadas,cnca_valor_cantinhos,cnca_qtd_articuladores_total,cnca_articuladores_renalpha_2026,cnca_valor_materiais,cnca_valor_formacao,cnca_total_investido,pdm_estudantes_beneficiados,pdm_valor_investido,pdm_abrangencia,pdm_referencia,obras_total_aprovadas,obras_valor_previsto,obras_valor_repassado,novo_pac_creches,novo_pac_creches_valor_previsto,novo_pac_eti,novo_pac_eti_valor_previsto,novo_pac_onibus,novo_pac_onibus_valor_previsto,novo_pac_superior_consolidacao,novo_pac_superior_expansao,novo_pac_superior_total_previsto,lista_obras_sesu_dinamica,novo_pac_ept_consolidacao,novo_pac_ept_expansao,novo_pac_ept_total_previsto,lista_obras_setec_dinamica,lista_expansao_setec_dinamica,novo_pac_hu_valor_previsto,lista_obras_hu_dinamica,fundeb_2022,fundeb_2023,fundeb_2024,fundeb_2025,fundeb_2026,fundeb_valor_repassado_VAAF,fundeb_valor_repassado_VAAT,fundeb_valor_repassado_VAAR,pnae_escolas_apoiadas,pnae_valor_investido,pnate_estudantes_beneficiados,pnate_valor_investido,if_matriculas,if_numero,if_campi,uf_campi,uf_instituicoes,uf_matriculas_graduacao,uf_campi_visao_geral,uf_campi_expansao_novopac,eti_serie_historica_alunos,distorcao_idade_serie,taxa_reprovacao,taxa_abandono_evasao,ica_alfabetizacao
AC,ACRE,BRIEFING – Visita Ministerial - ACRE,"852 (57,4% ) | Brasil: 100.720 (72,9%)",12.676 | Brasil: 1.632.740,"R$ 60,7 mi | Brasil: R$ 7,16 bi",1.190 | Brasil: 173.744,681 | Brasil: 75.816,"R$ 1,47 mi | Brasil: R$ 214,57 mi",39 | Brasil: 7.386,"R$ 1,54 mi | Brasil: R$ 260,63 mi","R$ 1,67 mi | Brasil: R$ 240,55 mi","R$ 3,05 mi | Brasil: R$ 579,17 mi","R$ 7,73 mi | Brasil: R$ 1,56 bi","48.252 (66,25%) | Brasil: 7.224.258 (56,03%)","R$ 144,44 mi | Brasil: R$ 21,00 bi",2024-2026,Abril/2026,27 | Brasil: 2525,"R$ 38,88 mi | Brasil: R$ 3,13 bi","R$ 20,10 mi | Brasil: R$ 1,73 bi",7 | Brasil: 1681,"R$ 31,75 mi | Brasil: R$ 7,26 bi",10 | Brasil: 683,"R$ 116,93 mi | Brasil: R$ 6,94 bi",33 | Brasil: 2477,"R$ 17,05 mi | Brasil: R$ 1,20 bi","R$ 40,00 mi | Brasil: R$ 3,43 bi","R$ 0,00 mi | Brasil: R$ 575,00 mi","R$ 40,00 mi | Brasil: R$ 4,00 bi","1 Biblioteca = R$ 3,00 mi | 1 Estruturas Acadêmicas = R$ 5,00 mi | 1 Infraestrutura e Urbanização = R$ 15,00 mi | 1 Laboratórios = R$ 4,00 mi | 1 Restaurante Universitário = R$ 5,00 mi | 1 Salas de Aula = R$ 8,00 mi","R$ 8,58 mi | Brasil: R$ 1,52 bi","R$ 25,00 mi - 1 campus | Brasil: R$ 2,70 bi","R$ 33,58 mi | Brasil: R$ 4,22 bi","2 Restaurante Estudantil - R$ 3,40 mi | 1 Biblioteca - R$ 1,00 mi | 1 Sede Reitoria - R$ 1,28 mi | 1 Estruturas Acadêmicas - R$ 986,39 mil | 1 Equipamento - R$ 1,92 mi",Campus Feijó,"R$ 50,00 mi | Brasil: R$ 1,79 bi","Reforma de hospital estadual a ser cedido à universidade. - R$ 50,00 mi","R$ 1,77 bi | Brasil: R$ 257,14 bi","R$ 1,83 bi | Brasil: R$ 269,16 bi","R$ 2,15 bi | Brasil: R$ 310,34 bi","R$ 2,36 bi | Brasil: R$ 339,79 bi","R$ 1,02 bi | Brasil: R$ 143,73 bi","R$ 0,00 mi | Brasil: R$ 10,83 bi","R$ 54,91 mi | Brasil: R$ 10,87 bi","R$ 3,57 mi | Brasil: R$ 2,48 bi",1.475 | Brasil: 145.708,"2022: R$ 8,33 mi | 2023: R$ 24,53 mi | 2024: R$ 28,71 mi | 2025: R$ 30,63 mi | 2026: R$ 14,05 mi || Brasil: 2022: R$ 3,58 bi | 2023: R$ 5,28 bi | 2024: R$ 5,33 bi | 2025: R$ 5,51 bi | 2026: R$ 2,46 bi",62.883 | Brasil: 4.782.680,"2019: R$ 7,27 mi | 2020: R$ 6,95 mi | 2021: R$ 6,89 mi | 2022: R$ 5,36 mi | 2023: R$ 8,52 mi | 2024: R$ 9,72 mi | 2025: R$ 12,62 mi | 2026: R$ 4,60 mi || Brasil: 2019: R$ 697,05 mi | 2020: R$ 720,18 mi | 2021: R$ 770,93 mi | 2022: R$ 772,04 mi | 2023: R$ 872,04 mi | 2024: R$ 804,61 mi | 2025: R$ 885,62 mi | 2026: R$ 398,16 mi","6,8 mil | Brasil: 1.884.660",1 | Brasil: 38,6 | Brasil: 605,3 | Brasil: 339,1 | Brasil: 69,8.568 | Brasil: 1.075.373,"Até 2002: 131 | 2003 a 2016: 180 | 2017 a 2018: 5 | 2019 a 2022: 11 | A partir de 2023: 12 (Funcionando: 4, Não Funcionando: 8) | Total Geral: 339","A partir de 2023: 12 (Funcionando: 4, Não Funcionando: 8)","2019: 5,36% (11.961 ) | 2022: 8,04% (17.502 ) | 2023: 9,88% (21.361 ) | 2026: 16,27% (33.976 )(*) || Brasil: 2019: 14,21% (5.002.641 ) | 2022: 18,37% (6.499.119 ) | 2023: 20,86% (7.308.315 ) | 2026: 25,82% (8.830.779 )(*) 2026 com dado mais recente de 2025; 2026 ainda não publicado.","Ensino Médio: De 32,5% em 2022 para 24,7% em 2025 | Brasil: De 24,3% em 2022 para 17,6% em 2025","Ensino Médio: De 6,5% em 2023 para 8,2% em 2024 | Brasil: De 5,7% em 2023 para 5,6% em 2024","Ensino Médio: De 6,3% em 2023 para 5,0% em 2024 | Brasil: De 3,8% em 2023 para 3,5% em 2024",
AL,ALAGOAS,BRIEFING – Visita Ministerial - ALAGOAS,"1.782 (74,5% ) | Brasil: 100.720 (72,9%)",32.894 | Brasil: 1.632.740,"R$ 151,7 mi | Brasil: R$ 7,16 bi",3.120 | Brasil: 173.744,1.537 | Brasil: 75.816,"R$ 3,85 mi | Brasil: R$ 214,57 mi",143 | Brasil: 7.386,"R$ 5,25 mi | Brasil: R$ 260,63 mi","R$ 3,74 mi | Brasil: R$ 240,55 mi","R$ 7,47 mi | Brasil: R$ 579,17 mi","R$ 20,32 mi | Brasil: R$ 1,56 bi","173.424 (65,88%) | Brasil: 7.224.258 (56,03%)","R$ 540,90 mi | Brasil: R$ 21,00 bi",2024-2026,Abril/2026,33 | Brasil: 2525,"R$ 25,27 mi | Brasil: R$ 3,13 bi","R$ 12,30 mi | Brasil: R$ 1,73 bi",65 | Brasil: 1681,"R$ 277,81 mi | Brasil: R$ 7,26 bi",16 | Brasil: 683,"R$ 160,68 mi | Brasil: R$ 6,94 bi",94 | Brasil: 2477,"R$ 47,50 mi | Brasil: R$ 1,20 bi","R$ 25,00 mi | Brasil: R$ 3,43 bi","R$ 0,00 mi | Brasil: R$ 575,00 mi","R$ 25,00 mi | Brasil: R$ 4,00 bi","2 Estruturas Acadêmicas = R$ 16,00 mi | 1 Restaurante Universitário = R$ 4,00 mi | 1 Salas de Aula = R$ 5,00 mi","R$ 61,17 mi | Brasil: R$ 1,52 bi","R$ 75,00 mi - 3 campi | Brasil: R$ 2,70 bi","R$ 136,17 mi | Brasil: R$ 4,22 bi","3 Sede de Campus - R$ 42,18 mi | 1 Sede de Campus AX - R$ 1,56 mi | 4 Complexo Esportivo - R$ 5,63 mi | 5 Equipamento - R$ 6,58 mi | 3 Restaurante Estudantil - R$ 5,22 mi",Campus Girau do Ponciano | Campus Mata Grande | Campus Maceió,"R$ 9,31 mi | Brasil: R$ 1,79 bi","Reforma para reestruturação elétrica, construção do almoxarifado e abrigo de resíduos. Atualização da Comunicação Visual. - R$ 9,31 mi","R$ 4,89 bi | Brasil: R$ 257,14 bi","R$ 5,37 bi | Brasil: R$ 269,16 bi","R$ 6,31 bi | Brasil: R$ 310,34 bi","R$ 7,54 bi | Brasil: R$ 339,79 bi","R$ 3,10 bi | Brasil: R$ 143,73 bi","R$ 386,65 mi | Brasil: R$ 10,83 bi","R$ 597,79 mi | Brasil: R$ 10,87 bi","R$ 102,91 mi | Brasil: R$ 2,48 bi",2.380 | Brasil: 145.708,"2022: R$ 53,80 mi | 2023: R$ 97,38 mi | 2024: R$ 108,07 mi | 2025: R$ 109,43 mi | 2026: R$ 48,78 mi || Brasil: 2022: R$ 3,58 bi | 2023: R$ 5,28 bi | 2024: R$ 5,33 bi | 2025: R$ 5,51 bi | 2026: R$ 2,46 bi",175.188 | Brasil: 4.782.680,"2019: R$ 16,34 mi | 2020: R$ 18,31 mi | 2021: R$ 20,89 mi | 2022: R$ 25,04 mi | 2023: R$ 22,44 mi | 2024: R$ 19,19 mi | 2025: R$ 24,14 mi | 2026: R$ 11,70 mi || Brasil: 2019: R$ 697,05 mi | 2020: R$ 720,18 mi | 2021: R$ 770,93 mi | 2022: R$ 772,04 mi | 2023: R$ 872,04 mi | 2024: R$ 804,61 mi | 2025: R$ 885,62 mi | 2026: R$ 398,16 mi","20,2 mil | Brasil: 1.884.660",1 | Brasil: 38,16 | Brasil: 605,4 | Brasil: 339,1 | Brasil: 69,23.894 | Brasil: 1.075.373,"Até 2002: 131 | 2003 a 2016: 180 | 2017 a 2018: 5 | 2019 a 2022: 11 | A partir de 2023: 12 (Funcionando: 4, Não Funcionando: 8) | Total Geral: 339","A partir de 2023: 12 (Funcionando: 4, Não Funcionando: 8)","2019: 17,50% (103.558 ) | 2022: 20,86% (125.121 ) | 2023: 24,58% (145.433 ) | 2026: 32,99% (196.708 )(*) || Brasil: 2019: 14,21% (5.002.641 ) | 2022: 18,37% (6.499.119 ) | 2023: 20,86% (7.308.315 ) | 2026: 25,82% (8.830.779 )(*) 2026 com dado mais recente de 2025; 2026 ainda não publicado.","Ensino Médio: De 30,5% em 2022 para 21,6% em 2025 | Brasil: De 24,3% em 2022 para 17,6% em 2025","Ensino Médio: De 3,8% em 2023 para 5,7% em 2024 | Brasil: De 5,7% em 2023 para 5,6% em 2024","Ensino Médio: De 2,8% em 2023 para 4,1% em 2024 | Brasil: De 3,8% em 2023 para 3,5% em 2024","De 43,88%* em 2023 para 64% em 2025 | Brasil: De 55,90%* em 2023 para 66% em 2025"
AM,AMAZONAS,BRIEFING – Visita Ministerial - AMAZONAS,"3.107 (60,2% ) | Brasil: 100.720 (72,9%)",44.541 | Brasil: 1.632.740,"R$ 269,6 mi | Brasil: R$ 7,16 bi",4.219 | Brasil: 173.744,2.055 | Brasil: 75.816,"R$ 5,21 mi | Brasil: R$ 214,57 mi",91 | Brasil: 7.386,"R$ 3,34 mi | Brasil: R$ 260,63 mi","R$ 4,95 mi | Brasil: R$ 240,55 mi","R$ 37,19 mi | Brasil: R$ 579,17 mi","R$ 50,70 mi | Brasil: R$ 1,56 bi","253.418 (69,85%) | Brasil: 7.224.258 (56,03%)","R$ 754,02 mi | Brasil: R$ 21,00 bi",2024-2026,Abril/2026,122 | Brasil: 2525,"R$ 196,51 mi | Brasil: R$ 3,13 bi","R$ 90,96 mi | Brasil: R$ 1,73 bi",44 | Brasil: 1681,"R$ 183,43 mi | Brasil: R$ 7,26 bi",17 | Brasil: 683,"R$ 181,18 mi | Brasil: R$ 6,94 bi",58 | Brasil: 2477,"R$ 28,45 mi | Brasil: R$ 1,20 bi","R$ 46,50 mi | Brasil: R$ 3,43 bi","R$ 60,00 mi - 1 Campus (São Gabriel da Cachoeira) | Brasil: R$ 575,00 mi","R$ 106,50 mi | Brasil: R$ 4,00 bi","4 Estruturas Acadêmicas = R$ 40,30 mi | 2 Restaurante Universitário = R$ 6,20 mi","R$ 61,03 mi | Brasil: R$ 1,52 bi","R$ 50,00 mi - 2 campi | Brasil: R$ 2,70 bi","R$ 111,03 mi | Brasil: R$ 4,22 bi","5 Sede de Campus - R$ 53,42 mi | 6 Restaurante Estudantil - R$ 5,23 mi | 1 Infraestrutura - R$ 469,31 mil | 1 Equipamento - R$ 1,90 mi",Campus Santo Antônio do Içá | Campus Manicoré,"R$ 0 | Brasil: R$ 1,79 bi",,"R$ 6,61 bi | Brasil: R$ 257,14 bi","R$ 6,76 bi | Brasil: R$ 269,16 bi","R$ 8,38 bi | Brasil: R$ 310,34 bi","R$ 9,10 bi | Brasil: R$ 339,79 bi","R$ 3,70 bi | Brasil: R$ 143,73 bi","R$ 646,72 mi | Brasil: R$ 10,83 bi","R$ 521,17 mi | Brasil: R$ 10,87 bi","R$ 119,82 mi | Brasil: R$ 2,48 bi",5.150 | Brasil: 145.708,"2022: R$ 92,16 mi | 2023: R$ 131,58 mi | 2024: R$ 136,34 mi | 2025: R$ 140,08 mi | 2026: R$ 61,20 mi || Brasil: 2022: R$ 3,58 bi | 2023: R$ 5,28 bi | 2024: R$ 5,33 bi | 2025: R$ 5,51 bi | 2026: R$ 2,46 bi",119.526 | Brasil: 4.782.680,"2019: R$ 21,11 mi | 2020: R$ 19,75 mi | 2021: R$ 25,33 mi | 2022: R$ 26,51 mi | 2023: R$ 29,50 mi | 2024: R$ 27,87 mi | 2025: R$ 44,84 mi | 2026: R$ 12,72 mi || Brasil: 2019: R$ 697,05 mi | 2020: R$ 720,18 mi | 2021: R$ 770,93 mi | 2022: R$ 772,04 mi | 2023: R$ 872,04 mi | 2024: R$ 804,61 mi | 2025: R$ 885,62 mi | 2026: R$ 398,16 mi","24,1 mil | Brasil: 1.884.660",1 | Brasil: 38,17 | Brasil: 605,7 | Brasil: 339,1 | Brasil: 69,21.034 | Brasil: 1.075.373,"Até 2002: 131 | 2003 a 2016: 180 | 2017 a 2018: 5 | 2019 a 2022: 11 | A partir de 2023: 12 (Funcionando: 4, Não Funcionando: 8) | Total Geral: 339","A partir de 2023: 12 (Funcionando: 4, Não Funcionando: 8)","2019: 7,83% (77.328 ) | 2022: 7,87% (77.224 ) | 2023: 9,71% (94.592 ) | 2026: 13,18% (127.552 )(*) || Brasil: 2019: 14,21% (5.002.641 ) | 2022: 18,37% (6.499.119 ) | 2023: 20,86% (7.308.315 ) | 2026: 25,82% (8.830.779 )(*) 2026 com dado mais recente de 2025; 2026 ainda não publicado.","Ensino Médio: De 31,7% em 2022 para 26,5% em 2025 | Brasil: De 24,3% em 2022 para 17,6% em 2025","Ensino Médio: De 6,3% em 2023 para 6,5% em 2024 | Brasil: De 5,7% em 2023 para 5,6% em 2024","Ensino Médio: De 4,4% em 2023 para 4,3% em 2024 | Brasil: De 3,8% em 2023 para 3,5% em 2024","De 52,20%* em 2023 para 57% em 2025 | Brasil: De 55,90%* em 2023 para 66% em 2025"
AP,AMAPÁ,BRIEFING – Visita Ministerial - AMAPÁ,"286 (36,4% ) | Brasil: 100.720 (72,9%)",10.595 | Brasil: 1.632.740,"R$ 32,1 mi | Brasil: R$ 7,16 bi",443 | Brasil: 173.744,162 | Brasil: 75.816,"R$ 0,55 mi | Brasil: R$ 214,57 mi",35 | Brasil: 7.386,"R$ 1,40 mi | Brasil: R$ 260,63 mi","R$ 0,58 mi | Brasil: R$ 240,55 mi","R$ 2,30 mi | Brasil: R$ 579,17 mi","R$ 4,82 mi | Brasil: R$ 1,56 bi","46.085 (74,50%) | Brasil: 7.224.258 (56,03%)","R$ 138,84 mi | Brasil: R$ 21,00 bi",2024-2026,Abril/2026,19 | Brasil: 2525,"R$ 29,14 mi | Brasil: R$ 3,13 bi","R$ 20,72 mi | Brasil: R$ 1,73 bi",16 | Brasil: 1681,"R$ 66,57 mi | Brasil: R$ 7,26 bi",3 | Brasil: 683,"R$ 33,97 mi | Brasil: R$ 6,94 bi",10 | Brasil: 2477,"R$ 4,98 mi | Brasil: R$ 1,20 bi","R$ 20,70 mi | Brasil: R$ 3,43 bi","R$ 0,00 mi | Brasil: R$ 575,00 mi","R$ 20,70 mi | Brasil: R$ 4,00 bi","6 Salas de Aula = R$ 17,90 mi | 1 Estruturas Acadêmicas = R$ 2,80 mi","R$ 24,76 mi | Brasil: R$ 1,52 bi","R$ 44,72 mi - 2 campi | Brasil: R$ 2,70 bi","R$ 69,48 mi | Brasil: R$ 4,22 bi","3 Restaurante Estudantil - R$ 5,10 mi | 2 Biblioteca - R$ 3,00 mi | 1 Sede Reitoria - R$ 10,00 mi | 1 Demais Obras - R$ 1,75 mi | 1 Equipamento - R$ 3,27 mi | 3 Equipamento Restaurante - R$ 1,65 mi",Campus Tartarugalzinho | Campus Fluvial,"R$ 0 | Brasil: R$ 1,79 bi",,"R$ 1,58 bi | Brasil: R$ 257,14 bi","R$ 1,63 bi | Brasil: R$ 269,16 bi","R$ 1,83 bi | Brasil: R$ 310,34 bi","R$ 1,94 bi | Brasil: R$ 339,79 bi","R$ 839,66 mi | Brasil: R$ 143,73 bi","R$ 0,00 mi | Brasil: R$ 10,83 bi","R$ 10,99 mi | Brasil: R$ 10,87 bi","R$ 14,66 mi | Brasil: R$ 2,48 bi",785 | Brasil: 145.708,"2022: R$ 7,84 mi | 2023: R$ 15,72 mi | 2024: R$ 10,32 mi | 2025: R$ 12,74 mi | 2026: R$ 10,93 mi || Brasil: 2022: R$ 3,58 bi | 2023: R$ 5,28 bi | 2024: R$ 5,33 bi | 2025: R$ 5,51 bi | 2026: R$ 2,46 bi",18.292 | Brasil: 4.782.680,"2019: R$ 0,99 mi | 2020: R$ 1,57 mi | 2021: R$ 4,10 mi | 2022: R$ 1,44 mi | 2023: R$ 3,62 mi | 2024: R$ 3,60 mi | 2025: R$ 4,01 mi | 2026: R$ 1,84 mi || Brasil: 2019: R$ 697,05 mi | 2020: R$ 720,18 mi | 2021: R$ 770,93 mi | 2022: R$ 772,04 mi | 2023: R$ 872,04 mi | 2024: R$ 804,61 mi | 2025: R$ 885,62 mi | 2026: R$ 398,16 mi","7,5 mil | Brasil: 1.884.660",1 | Brasil: 38,6 | Brasil: 605,5 | Brasil: 339,1 | Brasil: 69,10.894 | Brasil: 1.075.373,"Até 2002: 131 | 2003 a 2016: 180 | 2017 a 2018: 5 | 2019 a 2022: 11 | A partir de 2023: 12 (Funcionando: 4, Não Funcionando: 8) | Total Geral: 339","A partir de 2023: 12 (Funcionando: 4, Não Funcionando: 8)","2019: 3,82% (6.756 ) | 2022: 6,43% (11.202 ) | 2023: 8,18% (14.322 ) | 2026: 10,73% (18.693 )(*) || Brasil: 2019: 14,21% (5.002.641 ) | 2022: 18,37% (6.499.119 ) | 2023: 20,86% (7.308.315 ) | 2026: 25,82% (8.830.779 )(*) 2026 com dado mais recente de 2025; 2026 ainda não publicado.","Ensino Médio: De 38,1% em 2022 para 32,2% em 2025 | Brasil: De 24,3% em 2022 para 17,6% em 2025","Ensino Médio: De 9,3% em 2023 para 8,1% em 2024 | Brasil: De 5,7% em 2023 para 5,6% em 2024","Ensino Médio: De 5,2% em 2023 para 3,9% em 2024 | Brasil: De 3,8% em 2023 para 3,5% em 2024","De 41,56%* em 2023 para 60% em 2025 | Brasil: De 55,90%* em 2023 para 66% em 2025"
BA,BAHIA,BRIEFING – Visita Ministerial - BAHIA,"9.424 (70,5% ) | Brasil: 100.720 (72,9%)",170.245 | Brasil: 1.632.740,"R$ 905,9 mi | Brasil: R$ 7,16 bi",15.053 | Brasil: 173.744,9.503 | Brasil: 75.816,"R$ 18,59 mi | Brasil: R$ 214,57 mi",501 | Brasil: 7.386,"R$ 16,47 mi | Brasil: R$ 260,63 mi","R$ 14,43 mi | Brasil: R$ 240,55 mi","R$ 66,31 mi | Brasil: R$ 579,17 mi","R$ 115,79 mi | Brasil: R$ 1,56 bi","718.060 (69,36%) | Brasil: 7.224.258 (56,03%)","R$ 2,19 bi | Brasil: R$ 21,00 bi",2024-2026,Abril/2026,297 | Brasil: 2525,"R$ 395,97 mi | Brasil: R$ 3,13 bi","R$ 218,00 mi | Brasil: R$ 1,73 bi",134 | Brasil: 1681,"R$ 597,05 mi | Brasil: R$ 7,26 bi",62 | Brasil: 683,"R$ 629,15 mi | Brasil: R$ 6,94 bi",342 | Brasil: 2477,"R$ 162,75 mi | Brasil: R$ 1,20 bi","R$ 270,40 mi | Brasil: R$ 3,43 bi","R$ 60,00 mi - 1 Campus (Jequié) | Brasil: R$ 575,00 mi","R$ 330,40 mi | Brasil: R$ 4,00 bi","18 Estruturas Acadêmicas = R$ 163,32 mi | 5 Laboratórios = R$ 45,36 mi | 6 Salas de Aula = R$ 39,69 mi | 5 Infraestrutura e Urbanização = R$ 8,42 mi | 1 Complexo Esportivo = R$ 2,00 mi | 4 Restaurante Universitário = R$ 6,60 mi | 1 Biblioteca = R$ 5,00 mi","R$ 51,51 mi | Brasil: R$ 1,52 bi","R$ 200,00 mi - 8 campi | Brasil: R$ 2,70 bi","R$ 251,51 mi | Brasil: R$ 4,22 bi","11 Restaurante Estudantil - R$ 18,70 mi | 4 Biblioteca - R$ 6,00 mi | 2 Infraestrutura - R$ 3,54 mi | 2 Estruturas Acadêmicas - R$ 16,27 mi | 3 Equipamento - R$ 4,80 mi | 4 Equipamento Restaurante - R$ 2,20 mi",Campus Santo Estevão | Campus Ribeira do Pombal | Campus Macaúbas | Campus Poções | Campus Ruy Barbosa | Campus Remanso | Campus Itabuna | Campus Salvador,"R$ 34,60 mi | Brasil: R$ 1,79 bi","Reforma para recuperação estrutural, Fachada e Cobertura, Almoxarifado e anatomia patológica - R$ 34,60 mi","R$ 19,67 bi | Brasil: R$ 257,14 bi","R$ 20,25 bi | Brasil: R$ 269,16 bi","R$ 24,38 bi | Brasil: R$ 310,34 bi","R$ 27,71 bi | Brasil: R$ 339,79 bi","R$ 11,42 bi | Brasil: R$ 143,73 bi","R$ 2,34 bi | Brasil: R$ 10,83 bi","R$ 2,09 bi | Brasil: R$ 10,87 bi","R$ 172,72 mi | Brasil: R$ 2,48 bi",13.660 | Brasil: 145.708,"2022: R$ 250,31 mi | 2023: R$ 379,27 mi | 2024: R$ 348,43 mi | 2025: R$ 389,24 mi | 2026: R$ 190,81 mi || Brasil: 2022: R$ 3,58 bi | 2023: R$ 5,28 bi | 2024: R$ 5,33 bi | 2025: R$ 5,51 bi | 2026: R$ 2,46 bi",700.205 | Brasil: 4.782.680,"2019: R$ 101,64 mi | 2020: R$ 107,87 mi | 2021: R$ 112,73 mi | 2022: R$ 89,49 mi | 2023: R$ 120,71 mi | 2024: R$ 117,14 mi | 2025: R$ 120,20 mi | 2026: R$ 56,72 mi || Brasil: 2019: R$ 697,05 mi | 2020: R$ 720,18 mi | 2021: R$ 770,93 mi | 2022: R$ 772,04 mi | 2023: R$ 872,04 mi | 2024: R$ 804,61 mi | 2025: R$ 885,62 mi | 2026: R$ 398,16 mi","51,9 mil | Brasil: 1.884.660",2 | Brasil: 38,38 | Brasil: 605,23 | Brasil: 339,6 | Brasil: 69,47.035 | Brasil: 1.075.373,"Até 2002: 131 | 2003 a 2016: 180 | 2017 a 2018: 5 | 2019 a 2022: 11 | A partir de 2023: 12 (Funcionando: 4, Não Funcionando: 8) | Total Geral: 339","A partir de 2023: 12 (Funcionando: 4, Não Funcionando: 8)","2019: 13,45% (342.924 ) | 2022: 14,18% (359.751 ) | 2023: 20,10% (491.192 ) | 2026: 31,74% (743.710 )(*) || Brasil: 2019: 14,21% (5.002.641 ) | 2022: 18,37% (6.499.119 ) | 2023: 20,86% (7.308.315 ) | 2026: 25,82% (8.830.779 )(*) 2026 com dado mais recente de 2025; 2026 ainda não publicado.","Ensino Médio: De 41,3% em 2022 para 24,0% em 2025 | Brasil: De 24,3% em 2022 para 17,6% em 2025","Ensino Médio: De 3,6% em 2023 para 5,1% em 2024 | Brasil: De 5,7% em 2023 para 5,6% em 2024","Ensino Médio: De 5,3% em 2023 para 6,5% em 2024 | Brasil: De 3,8% em 2023 para 3,5% em 2024","De 36,80%* em 2023 para 55% em 2025 | Brasil: De 55,90%* em 2023 para 66% em 2025"
CE,CEARÁ,BRIEFING – Visita Ministerial - CEARÁ,"4.039 (67,6% ) | Brasil: 100.720 (72,9%)",58.266 | Brasil: 1.632.740,"R$ 337,7 mi | Brasil: R$ 7,16 bi",8.583 | Brasil: 173.744,4.333 | Brasil: 75.816,"R$ 10,60 mi | Brasil: R$ 214,57 mi",250 | Brasil: 7.386,"R$ 8,96 mi | Brasil: R$ 260,63 mi","R$ 19,95 mi | Brasil: R$ 240,55 mi","R$ 25,67 mi | Brasil: R$ 579,17 mi","R$ 65,18 mi | Brasil: R$ 1,56 bi","491.452 (78,18%) | Brasil: 7.224.258 (56,03%)","R$ 1,56 bi | Brasil: R$ 21,00 bi",2024-2026,Abril/2026,203 | Brasil: 2525,"R$ 302,27 mi | Brasil: R$ 3,13 bi","R$ 187,24 mi | Brasil: R$ 1,73 bi",115 | Brasil: 1681,"R$ 496,48 mi | Brasil: R$ 7,26 bi",59 | Brasil: 683,"R$ 613,61 mi | Brasil: R$ 6,94 bi",213 | Brasil: 2477,"R$ 101,35 mi | Brasil: R$ 1,20 bi","R$ 313,48 mi | Brasil: R$ 3,43 bi","R$ 60,00 mi - 1 Campus (Baturité) | Brasil: R$ 575,00 mi","R$ 373,48 mi | Brasil: R$ 4,00 bi","12 Estruturas Acadêmicas = R$ 172,20 mi | 3 Complexo Esportivo = R$ 9,00 mi | 3 Biblioteca = R$ 14,26 mi | 1 Laboratórios = R$ 4,53 mi | 3 Moradia Estudantil = R$ 7,17 mi | 5 Infraestrutura e Urbanização = R$ 23,98 mi | 1 Hospital Universitário = R$ 78,84 mi | 1 Restaurante Universitário = R$ 3,50 mi","R$ 53,58 mi | Brasil: R$ 1,52 bi","R$ 150,00 mi - 6 campi | Brasil: R$ 2,70 bi","R$ 203,58 mi | Brasil: R$ 4,22 bi","21 Restaurante Estudantil - R$ 32,77 mi | 3 Biblioteca - R$ 4,50 mi | 2 Estruturas Acadêmicas - R$ 1,14 mi | 1 Laboratórios - R$ 672,41 mil | 1 Equipamento - R$ 7,89 mi | 12 Equipamento Restaurante - R$ 6,60 mi",Campus Cascavel | Campus Campos Sales | Campus Lavras da Mangabeira | Campus Fortaleza - São Gerardo | Campus Fortaleza - Messejana | Campus Mauriti,"R$ 227,55 mi | Brasil: R$ 1,79 bi","Segunda etapa da Unidade Neonatal - MEAC - R$ 18,99 mi | Construção do Hospital Universitário da Universidade Federal do Cariri - R$ 208,56 mi","R$ 12,23 bi | Brasil: R$ 257,14 bi","R$ 12,82 bi | Brasil: R$ 269,16 bi","R$ 15,80 bi | Brasil: R$ 310,34 bi","R$ 18,58 bi | Brasil: R$ 339,79 bi","R$ 7,96 bi | Brasil: R$ 143,73 bi","R$ 2,04 bi | Brasil: R$ 10,83 bi","R$ 1,53 bi | Brasil: R$ 10,87 bi","R$ 168,89 mi | Brasil: R$ 2,48 bi",6.159 | Brasil: 145.708,"2022: R$ 223,85 mi | 2023: R$ 306,50 mi | 2024: R$ 332,66 mi | 2025: R$ 342,04 mi | 2026: R$ 135,77 mi || Brasil: 2022: R$ 3,58 bi | 2023: R$ 5,28 bi | 2024: R$ 5,33 bi | 2025: R$ 5,51 bi | 2026: R$ 2,46 bi",366.134 | Brasil: 4.782.680,"2019: R$ 57,36 mi | 2020: R$ 64,15 mi | 2021: R$ 64,62 mi | 2022: R$ 78,75 mi | 2023: R$ 82,72 mi | 2024: R$ 76,04 mi | 2025: R$ 76,53 mi | 2026: R$ 37,41 mi || Brasil: 2019: R$ 697,05 mi | 2020: R$ 720,18 mi | 2021: R$ 770,93 mi | 2022: R$ 772,04 mi | 2023: R$ 872,04 mi | 2024: R$ 804,61 mi | 2025: R$ 885,62 mi | 2026: R$ 398,16 mi","57,1 mil | Brasil: 1.884.660",1 | Brasil: 38,33 | Brasil: 605,16 | Brasil: 339,3 | Brasil: 69,36.176 | Brasil: 1.075.373,"Até 2002: 131 | 2003 a 2016: 180 | 2017 a 2018: 5 | 2019 a 2022: 11 | A partir de 2023: 12 (Funcionando: 4, Não Funcionando: 8) | Total Geral: 339","A partir de 2023: 12 (Funcionando: 4, Não Funcionando: 8)","2019: 31,38% (494.018 ) | 2022: 36,85% (590.414 ) | 2023: 44,69% (706.054 ) | 2026: 53,14% (827.455 )(*) || Brasil: 2019: 14,21% (5.002.641 ) | 2022: 18,37% (6.499.119 ) | 2023: 20,86% (7.308.315 ) | 2026: 25,82% (8.830.779 )(*) 2026 com dado mais recente de 2025; 2026 ainda não publicado.","Ensino Médio: De 18,0% em 2022 para 11,8% em 2025 | Brasil: De 24,3% em 2022 para 17,6% em 2025","Ensino Médio: De 1,0% em 2023 para 1,2% em 2024 | Brasil: De 5,7% em 2023 para 5,6% em 2024","Ensino Médio: De 2,2% em 2023 para 1,9% em 2024 | Brasil: De 3,8% em 2023 para 3,5% em 2024","De 84,50%* em 2023 para 84% em 2025 | Brasil: De 55,90%* em 2023 para 66% em 2025"
DF,DISTRITO FEDERAL,BRIEFING – Visita Ministerial - DISTRITO FEDERAL,"446 (61,8% ) | Brasil: 100.720 (72,9%)",14.341 | Brasil: 1.632.740,"R$ 24,3 mi | Brasil: R$ 7,16 bi",961 | Brasil: 173.744,191 | Brasil: 75.816,"R$ 1,19 mi | Brasil: R$ 214,57 mi",29 | Brasil: 7.386,"R$ 1,38 mi | Brasil: R$ 260,63 mi","R$ 2,46 mi | Brasil: R$ 240,55 mi","R$ 98,24 mil | Brasil: R$ 579,17 mi","R$ 5,13 mi | Brasil: R$ 1,56 bi","78.940 (49,19%) | Brasil: 7.224.258 (56,03%)","R$ 204,87 mi | Brasil: R$ 21,00 bi",2024-2026,Abril/2026,,,,5 | Brasil: 1681,"R$ 21,59 mi | Brasil: R$ 7,26 bi",1 | Brasil: 683,"R$ 11,09 mi | Brasil: R$ 6,94 bi",0 | Brasil: 2477,"R$ 0,00 mi | Brasil: R$ 1,20 bi","R$ 58,90 mi | Brasil: R$ 3,43 bi","R$ 0,00 mi | Brasil: R$ 575,00 mi","R$ 58,90 mi | Brasil: R$ 4,00 bi","1 Infraestrutura e Urbanização = R$ 47,00 mi | 1 Estruturas Acadêmicas = R$ 11,90 mi","R$ 22,83 mi | Brasil: R$ 1,52 bi","R$ 50,00 mi - 2 campi | Brasil: R$ 2,70 bi","R$ 72,83 mi | Brasil: R$ 4,22 bi","9 Restaurante Estudantil - R$ 12,71 mi | 1 Infraestrutura - R$ 5,25 mi | 1 Estruturas Acadêmicas - R$ 527,00 mil | 3 Equipamento - R$ 4,34 mi",Campus Sol Nascente | Campus Sobradinho,"R$ 0 | Brasil: R$ 1,79 bi",,"R$ 2,94 bi | Brasil: R$ 257,14 bi","R$ 2,82 bi | Brasil: R$ 269,16 bi","R$ 3,22 bi | Brasil: R$ 310,34 bi","R$ 3,40 bi | Brasil: R$ 339,79 bi","R$ 1,44 bi | Brasil: R$ 143,73 bi","R$ 0,00 mi | Brasil: R$ 10,83 bi","R$ 0,00 mi | Brasil: R$ 10,87 bi","R$ 0,00 mi | Brasil: R$ 2,48 bi",803 | Brasil: 145.708,"2022: R$ 33,34 mi | 2023: R$ 61,48 mi | 2024: R$ 55,64 mi | 2025: R$ 50,01 mi | 2026: R$ 24,28 mi || Brasil: 2022: R$ 3,58 bi | 2023: R$ 5,28 bi | 2024: R$ 5,33 bi | 2025: R$ 5,51 bi | 2026: R$ 2,46 bi",16.808 | Brasil: 4.782.680,"2019: R$ 2,83 mi | 2020: R$ 2,37 mi | 2021: R$ 1,12 mi | 2022: R$ 1,30 mi | 2023: R$ 3,71 mi | 2024: R$ 1,85 mi | 2025: R$ 0,00 mi | 2026: R$ 0,00 mi || Brasil: 2019: R$ 697,05 mi | 2020: R$ 720,18 mi | 2021: R$ 770,93 mi | 2022: R$ 772,04 mi | 2023: R$ 872,04 mi | 2024: R$ 804,61 mi | 2025: R$ 885,62 mi | 2026: R$ 398,16 mi","22,8 mil | Brasil: 1.884.660",1 | Brasil: 38,10 | Brasil: 605,4 | Brasil: 339,1 | Brasil: 69,38.840 | Brasil: 1.075.373,"Até 2002: 131 | 2003 a 2016: 180 | 2017 a 2018: 5 | 2019 a 2022: 11 | A partir de 2023: 12 (Funcionando: 4, Não Funcionando: 8) | Total Geral: 339","A partir de 2023: 12 (Funcionando: 4, Não Funcionando: 8)","2019: 5,83% (23.663 ) | 2022: 6,74% (27.308 ) | 2023: 6,68% (26.767 ) | 2026: 8,05% (30.916 )(*) || Brasil: 2019: 14,21% (5.002.641 ) | 2022: 18,37% (6.499.119 ) | 2023: 20,86% (7.308.315 ) | 2026: 25,82% (8.830.779 )(*) 2026 com dado mais recente de 2025; 2026 ainda não publicado.","Ensino Médio: De 26,2% em 2022 para 20,2% em 2025 | Brasil: De 24,3% em 2022 para 17,6% em 2025","Ensino Médio: De 11,6% em 2023 para 10,1% em 2024 | Brasil: De 5,7% em 2023 para 5,6% em 2024","Ensino Médio: De 3,8% em 2023 para 3,5% em 2024 | Brasil: De 3,8% em 2023 para 3,5% em 2024",
ES,ESPÍRITO SANTO,BRIEFING – Visita Ministerial - ESPÍRITO SANTO,"2.030 (77,1% ) | Brasil: 100.720 (72,9%)",32.415 | Brasil: 1.632.740,"R$ 149,2 mi | Brasil: R$ 7,16 bi",4.053 | Brasil: 173.744,1.446 | Brasil: 75.816,"R$ 5,01 mi | Brasil: R$ 214,57 mi",113 | Brasil: 7.386,"R$ 4,12 mi | Brasil: R$ 260,63 mi","R$ 5,32 mi | Brasil: R$ 240,55 mi","R$ 624,56 mil | Brasil: R$ 579,17 mi","R$ 15,06 mi | Brasil: R$ 1,56 bi","115.289 (49,10%) | Brasil: 7.224.258 (56,03%)","R$ 317,61 mi | Brasil: R$ 21,00 bi",2024-2026,Abril/2026,6 | Brasil: 2525,"R$ 9,75 mi | Brasil: R$ 3,13 bi","R$ 5,94 mi | Brasil: R$ 1,73 bi",43 | Brasil: 1681,"R$ 191,25 mi | Brasil: R$ 7,26 bi",20 | Brasil: 683,"R$ 198,97 mi | Brasil: R$ 6,94 bi",46 | Brasil: 2477,"R$ 22,03 mi | Brasil: R$ 1,20 bi","R$ 33,00 mi | Brasil: R$ 3,43 bi","R$ 0,00 mi | Brasil: R$ 575,00 mi","R$ 33,00 mi | Brasil: R$ 4,00 bi","4 Estruturas Acadêmicas = R$ 28,00 mi | 1 Infraestrutura e Urbanização = R$ 5,00 mi","R$ 39,98 mi | Brasil: R$ 1,52 bi","R$ 25,00 mi - 1 campus | Brasil: R$ 2,70 bi","R$ 64,98 mi | Brasil: R$ 4,22 bi","7 Restaurante Estudantil - R$ 11,90 mi | 2 Biblioteca - R$ 3,00 mi | 3 Demais Obras - R$ 3,30 mi | 2 Complexo Esportivo - R$ 1,87 mi | 1 Sede de Campus - R$ 14,95 mi | 1 Estruturas Acadêmicas - R$ 4,96 mi",Campus Muniz Freire,"R$ 30,00 mi | Brasil: R$ 1,79 bi","Reforma com ampliação do Prédio Principal: PA, UTI, Banco de Sangue e Banco de Leite. - R$ 30,00 mi","R$ 4,82 bi | Brasil: R$ 257,14 bi","R$ 5,27 bi | Brasil: R$ 269,16 bi","R$ 6,11 bi | Brasil: R$ 310,34 bi","R$ 6,72 bi | Brasil: R$ 339,79 bi","R$ 2,76 bi | Brasil: R$ 143,73 bi","R$ 0,00 mi | Brasil: R$ 10,83 bi","R$ 116,78 mi | Brasil: R$ 10,87 bi","R$ 48,11 mi | Brasil: R$ 2,48 bi",2.686 | Brasil: 145.708,"2022: R$ 49,11 mi | 2023: R$ 79,09 mi | 2024: R$ 73,17 mi | 2025: R$ 110,59 mi | 2026: R$ 47,26 mi || Brasil: 2022: R$ 3,58 bi | 2023: R$ 5,28 bi | 2024: R$ 5,33 bi | 2025: R$ 5,51 bi | 2026: R$ 2,46 bi",75.093 | Brasil: 4.782.680,"2019: R$ 12,62 mi | 2020: R$ 13,61 mi | 2021: R$ 13,38 mi | 2022: R$ 15,85 mi | 2023: R$ 17,32 mi | 2024: R$ 16,00 mi | 2025: R$ 12,49 mi | 2026: R$ 6,85 mi || Brasil: 2019: R$ 697,05 mi | 2020: R$ 720,18 mi | 2021: R$ 770,93 mi | 2022: R$ 772,04 mi | 2023: R$ 872,04 mi | 2024: R$ 804,61 mi | 2025: R$ 885,62 mi | 2026: R$ 398,16 mi","55,0 mil | Brasil: 1.884.660",1 | Brasil: 38,23 | Brasil: 605,4 | Brasil: 339,1 | Brasil: 69,22.859 | Brasil: 1.075.373,"Até 2002: 131 | 2003 a 2016: 180 | 2017 a 2018: 5 | 2019 a 2022: 11 | A partir de 2023: 12 (Funcionando: 4, Não Funcionando: 8) | Total Geral: 339","A partir de 2023: 12 (Funcionando: 4, Não Funcionando: 8)","2019: 7,25% (50.878 ) | 2022: 13,05% (92.747 ) | 2023: 15,18% (107.629 ) | 2026: 19,66% (139.424 )(*) || Brasil: 2019: 14,21% (5.002.641 ) | 2022: 18,37% (6.499.119 ) | 2023: 20,86% (7.308.315 ) | 2026: 25,82% (8.830.779 )(*) 2026 com dado mais recente de 2025; 2026 ainda não publicado.","Ensino Médio: De 22,8% em 2022 para 14,8% em 2025 | Brasil: De 24,3% em 2022 para 17,6% em 2025","Ensino Médio: De 3,0% em 2023 para 2,3% em 2024 | Brasil: De 5,7% em 2023 para 5,6% em 2024","Ensino Médio: De 1,8% em 2023 para 1,2% em 2024 | Brasil: De 3,8% em 2023 para 3,5% em 2024","De 67,93%* em 2023 para 77% em 2025 | Brasil: De 55,90%* em 2023 para 66% em 2025"
GO,GOIÁS,BRIEFING – Visita Ministerial - GOIÁS,"2.908 (81,3% ) | Brasil: 100.720 (72,9%)",52.166 | Brasil: 1.632.740,"R$ 206,3 mi | Brasil: R$ 7,16 bi",5.083 | Brasil: 173.744,1.634 | Brasil: 75.816,"R$ 6,28 mi | Brasil: R$ 214,57 mi",367 | Brasil: 7.386,"R$ 13,15 mi | Brasil: R$ 260,63 mi","R$ 8,89 mi | Brasil: R$ 240,55 mi","R$ 16,55 mi | Brasil: R$ 579,17 mi","R$ 44,87 mi | Brasil: R$ 1,56 bi","220.550 (47,82%) | Brasil: 7.224.258 (56,03%)","R$ 593,76 mi | Brasil: R$ 21,00 bi",2024-2026,Abril/2026,74 | Brasil: 2525,"R$ 73,60 mi | Brasil: R$ 3,13 bi","R$ 44,99 mi | Brasil: R$ 1,73 bi",107 | Brasil: 1681,"R$ 441,12 mi | Brasil: R$ 7,26 bi",18 | Brasil: 683,"R$ 176,99 mi | Brasil: R$ 6,94 bi",41 | Brasil: 2477,"R$ 20,63 mi | Brasil: R$ 1,20 bi","R$ 82,46 mi | Brasil: R$ 3,43 bi","R$ 60,00 mi - 1 Campus (Cidade Ocidental) | Brasil: R$ 575,00 mi","R$ 142,46 mi | Brasil: R$ 4,00 bi","1 Restaurante Universitário = R$ 7,50 mi | 3 Estruturas Acadêmicas = R$ 20,59 mi | 2 Laboratórios = R$ 15,06 mi | 2 Moradia Estudantil = R$ 32,81 mi | 1 Complexo Esportivo = R$ 2,90 mi | 1 Infraestrutura e Urbanização = R$ 3,60 mi","R$ 72,85 mi | Brasil: R$ 1,52 bi","R$ 75,00 mi - 3 campi | Brasil: R$ 2,70 bi","R$ 147,85 mi | Brasil: R$ 4,22 bi","13 Restaurante Estudantil - R$ 22,10 mi | 1 Sede Reitoria - R$ 6,00 mi | 2 Complexo Esportivo - R$ 1,85 mi | 3 Laboratórios - R$ 2,03 mi | 3 Infraestrutura - R$ 2,75 mi | 1 Demais Obras - R$ 323,67 mil | 2 Sala de Aula - R$ 1,03 mi | 1 Sede de Campus - R$ 5,45 mi | 2 Estruturas Acadêmicas - R$ 23,32 mi | 1 Equipamento - R$ 1,94 mi | 11 Equipamento Restaurante - R$ 6,05 mi",Campus Cavalcante | Campus Porangatu | Campus Quirinópolis,"R$ 0 | Brasil: R$ 1,79 bi",,"R$ 7,86 bi | Brasil: R$ 257,14 bi","R$ 8,42 bi | Brasil: R$ 269,16 bi","R$ 9,71 bi | Brasil: R$ 310,34 bi","R$ 10,28 bi | Brasil: R$ 339,79 bi","R$ 4,19 bi | Brasil: R$ 143,73 bi","R$ 0,00 mi | Brasil: R$ 10,83 bi","R$ 93,46 mi | Brasil: R$ 10,87 bi","R$ 200,25 mi | Brasil: R$ 2,48 bi",3.762 | Brasil: 145.708,"2022: R$ 112,34 mi | 2023: R$ 160,25 mi | 2024: R$ 163,06 mi | 2025: R$ 171,46 mi | 2026: R$ 65,19 mi || Brasil: 2022: R$ 3,58 bi | 2023: R$ 5,28 bi | 2024: R$ 5,33 bi | 2025: R$ 5,51 bi | 2026: R$ 2,46 bi",63.078 | Brasil: 4.782.680,"2019: R$ 9,78 mi | 2020: R$ 10,04 mi | 2021: R$ 11,17 mi | 2022: R$ 8,92 mi | 2023: R$ 10,98 mi | 2024: R$ 11,44 mi | 2025: R$ 13,92 mi | 2026: R$ 5,43 mi || Brasil: 2019: R$ 697,05 mi | 2020: R$ 720,18 mi | 2021: R$ 770,93 mi | 2022: R$ 772,04 mi | 2023: R$ 872,04 mi | 2024: R$ 804,61 mi | 2025: R$ 885,62 mi | 2026: R$ 398,16 mi","45,7 mil | Brasil: 1.884.660",2 | Brasil: 38,26 | Brasil: 605,9 | Brasil: 339,3 | Brasil: 69,24.132 | Brasil: 1.075.373,"Até 2002: 131 | 2003 a 2016: 180 | 2017 a 2018: 5 | 2019 a 2022: 11 | A partir de 2023: 12 (Funcionando: 4, Não Funcionando: 8) | Total Geral: 339","A partir de 2023: 12 (Funcionando: 4, Não Funcionando: 8)","2019: 13,67% (150.239 ) | 2022: 16,58% (185.978 ) | 2023: 17,01% (189.132 ) | 2026: 21,50% (246.329 )(*) || Brasil: 2019: 14,21% (5.002.641 ) | 2022: 18,37% (6.499.119 ) | 2023: 20,86% (7.308.315 ) | 2026: 25,82% (8.830.779 )(*) 2026 com dado mais recente de 2025; 2026 ainda não publicado.","Ensino Médio: De 17,6% em 2022 para 11,7% em 2025 | Brasil: De 24,3% em 2022 para 17,6% em 2025","Ensino Médio: De 1,4% em 2023 para 2,0% em 2024 | Brasil: De 5,7% em 2023 para 5,6% em 2024","Ensino Médio: De 0,7% em 2023 para 1,1% em 2024 | Brasil: De 3,8% em 2023 para 3,5% em 2024","De 66,70%* em 2023 para 80% em 2025 | Brasil: De 55,90%* em 2023 para 66% em 2025"
MA,MARANHÃO,BRIEFING – Visita Ministerial - MARANHÃO,"7.727 (76,7% ) | Brasil: 100.720 (72,9%)",64.703 | Brasil: 1.632.740,"R$ 365,3 mi | Brasil: R$ 7,16 bi",11.485 | Brasil: 173.744,7.934 | Brasil: 75.816,"R$ 14,18 mi | Brasil: R$ 214,57 mi",279 | Brasil: 7.386,"R$ 9,67 mi | Brasil: R$ 260,63 mi","R$ 10,14 mi | Brasil: R$ 240,55 mi","R$ 31,68 mi | Brasil: R$ 579,17 mi","R$ 65,67 mi | Brasil: R$ 1,56 bi","414.613 (77,88%) | Brasil: 7.224.258 (56,03%)","R$ 1,31 bi | Brasil: R$ 21,00 bi",2024-2026,Abril/2026,543 | Brasil: 2525,"R$ 585,31 mi | Brasil: R$ 3,13 bi","R$ 276,33 mi | Brasil: R$ 1,73 bi",106 | Brasil: 1681,"R$ 461,62 mi | Brasil: R$ 7,26 bi",55 | Brasil: 683,"R$ 537,70 mi | Brasil: R$ 6,94 bi",195 | Brasil: 2477,"R$ 93,64 mi | Brasil: R$ 1,20 bi","R$ 39,59 mi | Brasil: R$ 3,43 bi","R$ 0,00 mi | Brasil: R$ 575,00 mi","R$ 39,59 mi | Brasil: R$ 4,00 bi","7 Estruturas Acadêmicas = R$ 22,00 mi | 1 Infraestrutura e Urbanização = R$ 9,00 mi | 1 Salas de Aula = R$ 7,00 mi | 1 Biblioteca = R$ 1,59 mi","R$ 49,79 mi | Brasil: R$ 1,52 bi","R$ 100,00 mi - 4 campi | Brasil: R$ 2,70 bi","R$ 149,79 mi | Brasil: R$ 4,22 bi","7 Restaurante Estudantil - R$ 11,30 mi | 8 Complexo Esportivo - R$ 13,12 mi | 1 Sede de Campus - R$ 7,80 mi | 3 Estruturas Acadêmicas - R$ 14,97 mi | 1 Equipamento - R$ 1,50 mi | 2 Equipamento Restaurante - R$ 1,10 mi",Campus Chapadinha | Campus Balsas | Campus Amarante do Maranhão | Campus Colinas,"R$ 25,00 mi | Brasil: R$ 1,79 bi","Construção da Unidade Ambulatorial do HU-UFMA - unificação de todos os ambulatórios do complexo. - R$ 25,00 mi","R$ 12,34 bi | Brasil: R$ 257,14 bi","R$ 12,73 bi | Brasil: R$ 269,16 bi","R$ 15,88 bi | Brasil: R$ 310,34 bi","R$ 18,28 bi | Brasil: R$ 339,79 bi","R$ 7,41 bi | Brasil: R$ 143,73 bi","R$ 2,04 bi | Brasil: R$ 10,83 bi","R$ 1,68 bi | Brasil: R$ 10,87 bi","R$ 268,93 mi | Brasil: R$ 2,48 bi",10.420 | Brasil: 145.708,"2022: R$ 187,91 mi | 2023: R$ 264,20 mi | 2024: R$ 281,31 mi | 2025: R$ 261,42 mi | 2026: R$ 123,82 mi || Brasil: 2022: R$ 3,58 bi | 2023: R$ 5,28 bi | 2024: R$ 5,33 bi | 2025: R$ 5,51 bi | 2026: R$ 2,46 bi",263.976 | Brasil: 4.782.680,"2019: R$ 44,28 mi | 2020: R$ 44,57 mi | 2021: R$ 55,48 mi | 2022: R$ 53,24 mi | 2023: R$ 60,18 mi | 2024: R$ 57,41 mi | 2025: R$ 53,50 mi | 2026: R$ 25,22 mi || Brasil: 2019: R$ 697,05 mi | 2020: R$ 720,18 mi | 2021: R$ 770,93 mi | 2022: R$ 772,04 mi | 2023: R$ 872,04 mi | 2024: R$ 804,61 mi | 2025: R$ 885,62 mi | 2026: R$ 398,16 mi","44,0 mil | Brasil: 1.884.660",1 | Brasil: 38,29 | Brasil: 605,9 | Brasil: 339,1 | Brasil: 69,37.212 | Brasil: 1.075.373,"Até 2002: 131 | 2003 a 2016: 180 | 2017 a 2018: 5 | 2019 a 2022: 11 | A partir de 2023: 12 (Funcionando: 4, Não Funcionando: 8) | Total Geral: 339","A partir de 2023: 12 (Funcionando: 4, Não Funcionando: 8)","2019: 18,99% (301.861 ) | 2022: 28,14% (426.365 ) | 2023: 29,32% (438.909 ) | 2026: 35,25% (508.682 )(*) || Brasil: 2019: 14,21% (5.002.641 ) | 2022: 18,37% (6.499.119 ) | 2023: 20,86% (7.308.315 ) | 2026: 25,82% (8.830.779 )(*) 2026 com dado mais recente de 2025; 2026 ainda não publicado.","Ensino Médio: De 26,2% em 2022 para 22,4% em 2025 | Brasil: De 24,3% em 2022 para 17,6% em 2025","Ensino Médio: De 4,3% em 2023 para 4,6% em 2024 | Brasil: De 5,7% em 2023 para 5,6% em 2024","Ensino Médio: De 3,4% em 2023 para 3,3% em 2024 | Brasil: De 3,8% em 2023 para 3,5% em 2024","De 56,43%* em 2023 para 69% em 2025 | Brasil: De 55,90%* em 2023 para 66% em 2025"
MG,MINAS GERAIS,BRIEFING – Visita Ministerial - MINAS GERAIS,"9.001 (74,6% ) | Brasil: 100.720 (72,9%)",152.294 | Brasil: 1.632.740,"R$ 494,0 mi | Brasil: R$ 7,16 bi",19.001 | Brasil: 173.744,5.671 | Brasil: 75.816,"R$ 23,47 mi | Brasil: R$ 214,57 mi",996 | Brasil: 7.386,"R$ 34,26 mi | Brasil: R$ 260,63 mi","R$ 22,61 mi | Brasil: R$ 240,55 mi","R$ 66,96 mi | Brasil: R$ 579,17 mi","R$ 147,29 mi | Brasil: R$ 1,56 bi","632.129 (51,55%) | Brasil: 7.224.258 (56,03%)","R$ 1,72 bi | Brasil: R$ 21,00 bi",2024-2026,Abril/2026,123 | Brasil: 2525,"R$ 143,25 mi | Brasil: R$ 3,13 bi","R$ 80,10 mi | Brasil: R$ 1,73 bi",131 | Brasil: 1681,"R$ 540,33 mi | Brasil: R$ 7,26 bi",34 | Brasil: 683,"R$ 321,94 mi | Brasil: R$ 6,94 bi",193 | Brasil: 2477,"R$ 92,00 mi | Brasil: R$ 1,20 bi","R$ 393,92 mi | Brasil: R$ 3,43 bi","R$ 60,00 mi - 1 Campus (Ipatinga) | Brasil: R$ 575,00 mi","R$ 453,92 mi | Brasil: R$ 4,00 bi","11 Estruturas Acadêmicas = R$ 175,26 mi | 8 Salas de Aula = R$ 92,10 mi | 7 Restaurante Universitário = R$ 13,30 mi | 7 Complexo Esportivo = R$ 58,80 mi | 12 Infraestrutura e Urbanização = R$ 32,46 mi | 2 Laboratórios = R$ 12,50 mi | 2 Biblioteca = R$ 4,20 mi | 1 Moradia Estudantil = R$ 5,30 mi","R$ 208,35 mi | Brasil: R$ 1,52 bi","R$ 225,00 mi - 9 campi | Brasil: R$ 2,70 bi","R$ 433,35 mi | Brasil: R$ 4,22 bi","33 Restaurante Estudantil - R$ 57,63 mi | 10 Biblioteca - R$ 15,00 mi | 3 Sede de Campus - R$ 41,06 mi | 4 Complexo Esportivo - R$ 7,40 mi | 7 Estruturas Acadêmicas - R$ 17,50 mi | 3 Sala de Aula - R$ 19,97 mi | 5 Demais Obras - R$ 10,92 mi | 1 Laboratórios - R$ 2,68 mi | 6 Infraestrutura - R$ 6,99 mi | 8 Equipamento - R$ 10,91 mi | 1 Sede de Campus AX - R$ 5,53 mi | 5 Equipamento Restaurante - R$ 2,75 mi | 1 Sede Reitoria - R$ 10,00 mi",Campus Belo Horizonte | Campus Bom Despacho | Campus João Monlevade -Restaurante Estudantil | Campus Itajubá | Campus Minas Novas | Campus Sete Lagoas | Campus Caratinga | Campus São João Nepomuceno | Campus Contagem,"R$ 303,46 mi | Brasil: R$ 1,79 bi","Reforma com ampliação: Hospital Dia, Farmácia oncológica e SPDA +UTR - R$ 8,50 mi | Reforma da GO e Centro Obstétrico e Reforma com ampliação do Berçário .  - R$ 11,50 mi | Finalização de obra do novo HU. - R$ 67,08 mi | Obras de retomada do Novo Hospital Universitário de Juiz de Fora - R$ 216,38 mi","R$ 23,78 bi | Brasil: R$ 257,14 bi","R$ 23,86 bi | Brasil: R$ 269,16 bi","R$ 26,99 bi | Brasil: R$ 310,34 bi","R$ 29,21 bi | Brasil: R$ 339,79 bi","R$ 12,80 bi | Brasil: R$ 143,73 bi","R$ 0,00 mi | Brasil: R$ 10,83 bi","R$ 174,63 mi | Brasil: R$ 10,87 bi","R$ 78,06 mi | Brasil: R$ 2,48 bi",12.958 | Brasil: 145.708,"2022: R$ 338,21 mi | 2023: R$ 482,06 mi | 2024: R$ 473,50 mi | 2025: R$ 485,76 mi | 2026: R$ 216,43 mi || Brasil: 2022: R$ 3,58 bi | 2023: R$ 5,28 bi | 2024: R$ 5,33 bi | 2025: R$ 5,51 bi | 2026: R$ 2,46 bi",356.504 | Brasil: 4.782.680,"2019: R$ 64,69 mi | 2020: R$ 62,69 mi | 2021: R$ 62,69 mi | 2022: R$ 51,40 mi | 2023: R$ 64,18 mi | 2024: R$ 52,62 mi | 2025: R$ 62,78 mi | 2026: R$ 28,43 mi || Brasil: 2019: R$ 697,05 mi | 2020: R$ 720,18 mi | 2021: R$ 770,93 mi | 2022: R$ 772,04 mi | 2023: R$ 872,04 mi | 2024: R$ 804,61 mi | 2025: R$ 885,62 mi | 2026: R$ 398,16 mi","163,5 mil | Brasil: 1.884.660",5 | Brasil: 38,58 | Brasil: 605,40 | Brasil: 339,11 | Brasil: 69,149.058 | Brasil: 1.075.373,"Até 2002: 131 | 2003 a 2016: 180 | 2017 a 2018: 5 | 2019 a 2022: 11 | A partir de 2023: 12 (Funcionando: 4, Não Funcionando: 8) | Total Geral: 339","A partir de 2023: 12 (Funcionando: 4, Não Funcionando: 8)","2019: 9,85% (334.503 ) | 2022: 15,24% (505.892 ) | 2023: 14,86% (488.605 ) | 2026: 18,44% (599.370 )(*) || Brasil: 2019: 14,21% (5.002.641 ) | 2022: 18,37% (6.499.119 ) | 2023: 20,86% (7.308.315 ) | 2026: 25,82% (8.830.779 )(*) 2026 com dado mais recente de 2025; 2026 ainda não publicado.","Ensino Médio: De 20,3% em 2022 para 13,7% em 2025 | Brasil: De 24,3% em 2022 para 17,6% em 2025","Ensino Médio: De 7,7% em 2023 para 7,1% em 2024 | Brasil: De 5,7% em 2023 para 5,6% em 2024","Ensino Médio: De 5,5% em 2023 para 5,7% em 2024 | Brasil: De 3,8% em 2023 para 3,5% em 2024","De 59,81%* em 2023 para 74% em 2025 | Brasil: De 55,90%* em 2023 para 66% em 2025"
MS,MATO GROSSO DO SUL,BRIEFING – Visita Ministerial - MATO GROSSO DO SUL,"1.100 (79,9% ) | Brasil: 100.720 (72,9%)",30.435 | Brasil: 1.632.740,"R$ 79,3 mi | Brasil: R$ 7,16 bi",2.152 | Brasil: 173.744,641 | Brasil: 75.816,"R$ 2,66 mi | Brasil: R$ 214,57 mi",117 | Brasil: 7.386,"R$ 4,26 mi | Brasil: R$ 260,63 mi","R$ 3,86 mi | Brasil: R$ 240,55 mi","R$ 7,50 mi | Brasil: R$ 579,17 mi","R$ 18,28 mi | Brasil: R$ 1,56 bi","84.069 (47,53%) | Brasil: 7.224.258 (56,03%)","R$ 229,25 mi | Brasil: R$ 21,00 bi",2024-2026,Abril/2026,22 | Brasil: 2525,"R$ 33,42 mi | Brasil: R$ 3,13 bi","R$ 17,45 mi | Brasil: R$ 1,73 bi",33 | Brasil: 1681,"R$ 151,16 mi | Brasil: R$ 7,26 bi",16 | Brasil: 683,"R$ 161,92 mi | Brasil: R$ 6,94 bi",39 | Brasil: 2477,"R$ 18,15 mi | Brasil: R$ 1,20 bi","R$ 40,44 mi | Brasil: R$ 3,43 bi","R$ 0,00 mi | Brasil: R$ 575,00 mi","R$ 40,44 mi | Brasil: R$ 4,00 bi","1 Salas de Aula = R$ 2,68 mi | 4 Estruturas Acadêmicas = R$ 14,37 mi | 8 Complexo Esportivo = R$ 8,00 mi | 2 Infraestrutura e Urbanização = R$ 15,39 mi","R$ 38,36 mi | Brasil: R$ 1,52 bi","R$ 50,00 mi - 2 campi | Brasil: R$ 2,70 bi","R$ 88,36 mi | Brasil: R$ 4,22 bi","8 Restaurante Estudantil - R$ 13,60 mi | 3 Estruturas Acadêmicas - R$ 5,09 mi | 1 Complexo Esportivo - R$ 634,50 mil | 1 Demais Obras - R$ 864,67 mil | 1 Equipamento - R$ 3,56 mi | 2 Biblioteca - R$ 3,00 mi | 1 Sede de Campus - R$ 11,06 mi | 1 Equipamento Restaurante - R$ 550,00 mil",Campus Paranaíba | Campus Amambai,"R$ 65,51 mi | Brasil: R$ 1,79 bi","Reforma do ambulatório, Clínica Médica, da sala da hemodinâmica, reestruturação elétrica e de SPDA - R$ 12,00 mi | Reforma geral do Centro Cirúrgico - R$ 9,51 mi | Reforma das enfermarias do HU. - R$ 13,00 mi | Construção da Unidade da Mulher e da Criança - R$ 31,00 mi","R$ 4,09 bi | Brasil: R$ 257,14 bi","R$ 4,49 bi | Brasil: R$ 269,16 bi","R$ 4,97 bi | Brasil: R$ 310,34 bi","R$ 5,30 bi | Brasil: R$ 339,79 bi","R$ 2,14 bi | Brasil: R$ 143,73 bi","R$ 0,00 mi | Brasil: R$ 10,83 bi","R$ 6,59 mi | Brasil: R$ 10,87 bi","R$ 13,75 mi | Brasil: R$ 2,48 bi",1.493 | Brasil: 145.708,"2022: R$ 53,73 mi | 2023: R$ 77,74 mi | 2024: R$ 79,34 mi | 2025: R$ 82,42 mi | 2026: R$ 36,00 mi || Brasil: 2022: R$ 3,58 bi | 2023: R$ 5,28 bi | 2024: R$ 5,33 bi | 2025: R$ 5,51 bi | 2026: R$ 2,46 bi",49.389 | Brasil: 4.782.680,"2019: R$ 10,20 mi | 2020: R$ 9,65 mi | 2021: R$ 11,29 mi | 2022: R$ 10,41 mi | 2023: R$ 11,09 mi | 2024: R$ 9,56 mi | 2025: R$ 9,61 mi | 2026: R$ 4,42 mi || Brasil: 2019: R$ 697,05 mi | 2020: R$ 720,18 mi | 2021: R$ 770,93 mi | 2022: R$ 772,04 mi | 2023: R$ 872,04 mi | 2024: R$ 804,61 mi | 2025: R$ 885,62 mi | 2026: R$ 398,16 mi","82,7 mil | Brasil: 1.884.660",1 | Brasil: 38,10 | Brasil: 605,11 | Brasil: 339,2 | Brasil: 69,32.712 | Brasil: 1.075.373,"Até 2002: 131 | 2003 a 2016: 180 | 2017 a 2018: 5 | 2019 a 2022: 11 | A partir de 2023: 12 (Funcionando: 4, Não Funcionando: 8) | Total Geral: 339","A partir de 2023: 12 (Funcionando: 4, Não Funcionando: 8)","2019: 11,49% (63.878) | 2022: 14,87% (81.842) | 2023: 15,75% (87.421) | 2026: 18,34% (101.690)* || Brasil: 2019: 14,21% (5.002.641) | 2022: 18,37% (6.499.119) | 2023: 20,86% (7.308.315) | 2026: 25,82% (8.830.779)(*) 2026 com dado mais recente de 2025; 2026 ainda não publicado.","Ensino Médio: De 27,7% em 2022 para 20,8% em 2025 | Brasil: De 24,3% em 2022 para 17,6% em 2025","Ensino Médio: De 9,5% em 2023 para 6,2% em 2024 | Brasil: De 5,7% em 2023 para 5,6% em 2024","Ensino Médio: De 4,0% em 2023 para 2,3% em 2024 | Brasil: De 3,8% em 2023 para 3,5% em 2024","De 47,45%* em 2023 para 66% em 2025 | Brasil: De 55,90%* em 2023 para 66% em 2025"
MT,MATO GROSSO,BRIEFING – Visita Ministerial - MATO GROSSO,"1.718 (76,8% ) | Brasil: 100.720 (72,9%)",26.984 | Brasil: 1.632.740,"R$ 85,5 mi | Brasil: R$ 7,16 bi",2.674 | Brasil: 173.744,933 | Brasil: 75.816,"R$ 3,30 mi | Brasil: R$ 214,57 mi",183 | Brasil: 7.386,"R$ 6,56 mi | Brasil: R$ 260,63 mi","R$ 5,34 mi | Brasil: R$ 240,55 mi","R$ 18,02 mi | Brasil: R$ 579,17 mi","R$ 33,22 mi | Brasil: R$ 1,56 bi","119.809 (46,06%) | Brasil: 7.224.258 (56,03%)","R$ 312,23 mi | Brasil: R$ 21,00 bi",2024-2026,Abril/2026,38 | Brasil: 2525,"R$ 36,11 mi | Brasil: R$ 3,13 bi","R$ 21,02 mi | Brasil: R$ 1,73 bi",46 | Brasil: 1681,"R$ 220,77 mi | Brasil: R$ 7,26 bi",12 | Brasil: 683,"R$ 133,88 mi | Brasil: R$ 6,94 bi",43 | Brasil: 2477,"R$ 20,38 mi | Brasil: R$ 1,20 bi","R$ 30,95 mi | Brasil: R$ 3,43 bi","R$ 0,00 mi | Brasil: R$ 575,00 mi","R$ 30,95 mi | Brasil: R$ 4,00 bi","5 Salas de Aula = R$ 19,10 mi | 1 Biblioteca = R$ 1,50 mi | 1 Complexo Esportivo = R$ 3,00 mi | 1 Infraestrutura e Urbanização = R$ 5,20 mi | 1 Restaurante Universitário = R$ 2,15 mi","R$ 42,51 mi | Brasil: R$ 1,52 bi","R$ 75,00 mi - 3 campi | Brasil: R$ 2,70 bi","R$ 117,51 mi | Brasil: R$ 4,22 bi","8 Restaurante Estudantil - R$ 13,60 mi | 2 Sede de Campus - R$ 14,21 mi | 2 Estruturas Acadêmicas - R$ 13,29 mi | 2 Infraestrutura - R$ 1,41 mi",Campus Água Boa | Campus Colniza | Campus Canarana,"R$ 0 | Brasil: R$ 1,79 bi",,"R$ 5,67 bi | Brasil: R$ 257,14 bi","R$ 6,15 bi | Brasil: R$ 269,16 bi","R$ 6,68 bi | Brasil: R$ 310,34 bi","R$ 7,67 bi | Brasil: R$ 339,79 bi","R$ 3,20 bi | Brasil: R$ 143,73 bi","R$ 0,00 mi | Brasil: R$ 10,83 bi","R$ 8,10 mi | Brasil: R$ 10,87 bi","R$ 46,73 mi | Brasil: R$ 2,48 bi",2.316 | Brasil: 145.708,"2022: R$ 69,43 mi | 2023: R$ 100,14 mi | 2024: R$ 108,87 mi | 2025: R$ 103,39 mi | 2026: R$ 40,81 mi || Brasil: 2022: R$ 3,58 bi | 2023: R$ 5,28 bi | 2024: R$ 5,33 bi | 2025: R$ 5,51 bi | 2026: R$ 2,46 bi",78.742 | Brasil: 4.782.680,"2019: R$ 11,97 mi | 2020: R$ 12,08 mi | 2021: R$ 12,15 mi | 2022: R$ 12,50 mi | 2023: R$ 14,81 mi | 2024: R$ 14,49 mi | 2025: R$ 14,63 mi | 2026: R$ 7,16 mi || Brasil: 2019: R$ 697,05 mi | 2020: R$ 720,18 mi | 2021: R$ 770,93 mi | 2022: R$ 772,04 mi | 2023: R$ 872,04 mi | 2024: R$ 804,61 mi | 2025: R$ 885,62 mi | 2026: R$ 398,16 mi","29,6 mil | Brasil: 1.884.660",1 | Brasil: 38,19 | Brasil: 605,6 | Brasil: 339,2 | Brasil: 69,19.129 | Brasil: 1.075.373,"Até 2002: 131 | 2003 a 2016: 180 | 2017 a 2018: 5 | 2019 a 2022: 11 | A partir de 2023: 12 (Funcionando: 4, Não Funcionando: 8) | Total Geral: 339","A partir de 2023: 12 (Funcionando: 4, Não Funcionando: 8)","2019: 9,38% (66.016 ) | 2022: 9,28% (69.157 ) | 2023: 14,01% (104.115 ) | 2026: 12,36% (94.306 )(*) || Brasil: 2019: 14,21% (5.002.641 ) | 2022: 18,37% (6.499.119 ) | 2023: 20,86% (7.308.315 ) | 2026: 25,82% (8.830.779 )(*) 2026 com dado mais recente de 2025; 2026 ainda não publicado.","Ensino Médio: De 21,1% em 2022 para 10,3% em 2025 | Brasil: De 24,3% em 2022 para 17,6% em 2025","Ensino Médio: De 1,6% em 2023 para 3,7% em 2024 | Brasil: De 5,7% em 2023 para 5,6% em 2024","Ensino Médio: De 2,2% em 2023 para 3,1% em 2024 | Brasil: De 3,8% em 2023 para 3,5% em 2024","De 55,06%* em 2023 para 75% em 2025 | Brasil: De 55,90%* em 2023 para 66% em 2025"
PA,PARÁ,BRIEFING – Visita Ministerial - PARÁ,"6.473 (67,2% ) | Brasil: 100.720 (72,9%)",127.391 | Brasil: 1.632.740,"R$ 728,2 mi | Brasil: R$ 7,16 bi",9.467 | Brasil: 173.744,6.047 | Brasil: 75.816,"R$ 11,69 mi | Brasil: R$ 214,57 mi",265 | Brasil: 7.386,"R$ 9,67 mi | Brasil: R$ 260,63 mi","R$ 13,31 mi | Brasil: R$ 240,55 mi","R$ 12,90 mi | Brasil: R$ 579,17 mi","R$ 47,57 mi | Brasil: R$ 1,56 bi","491.396 (74,95%) | Brasil: 7.224.258 (56,03%)","R$ 1,54 bi | Brasil: R$ 21,00 bi",2024-2026,Abril/2026,360 | Brasil: 2525,"R$ 417,21 mi | Brasil: R$ 3,13 bi","R$ 254,17 mi | Brasil: R$ 1,73 bi",95 | Brasil: 1681,"R$ 396,43 mi | Brasil: R$ 7,26 bi",39 | Brasil: 683,"R$ 395,47 mi | Brasil: R$ 6,94 bi",167 | Brasil: 2477,"R$ 83,36 mi | Brasil: R$ 1,20 bi","R$ 133,79 mi | Brasil: R$ 3,43 bi","R$ 35,00 mi - 1 Campus (Rurópolis) | Brasil: R$ 575,00 mi","R$ 168,79 mi | Brasil: R$ 4,00 bi","1 Infraestrutura e Urbanização = R$ 500,00 mil | 6 Salas de Aula = R$ 35,62 mi | 2 Laboratórios = R$ 15,80 mi | 2 Restaurante Universitário = R$ 5,00 mi | 8 Estruturas Acadêmicas = R$ 75,37 mi | 1 Moradia Estudantil = R$ 1,50 mi","R$ 54,43 mi | Brasil: R$ 1,52 bi","R$ 125,00 mi - 5 campi | Brasil: R$ 2,70 bi","R$ 179,43 mi | Brasil: R$ 4,22 bi","10 Restaurante Estudantil - R$ 20,31 mi | 1 Biblioteca - R$ 1,50 mi | 4 Estruturas Acadêmicas - R$ 27,55 mi | 1 Laboratórios - R$ 5,07 mi",Campus Redenção | Campus Tailândia | Campus Alenquer | Campus Viseu | Campus Barcarena,"R$ 52,00 mi | Brasil: R$ 1,79 bi","Construção de novo bloco assistencial de alta complexidade (UTI Adulto e UTI Pediátrica, Centro Cirúrgico, CME e laboratório); - R$ 42,00 mi | Reestruturação das instalações de  Prevenção e Combate à Incêndio e Instalações Elétricas - R$ 10,00 mi","R$ 13,68 bi | Brasil: R$ 257,14 bi","R$ 14,15 bi | Brasil: R$ 269,16 bi","R$ 16,22 bi | Brasil: R$ 310,34 bi","R$ 18,52 bi | Brasil: R$ 339,79 bi","R$ 7,61 bi | Brasil: R$ 143,73 bi","R$ 2,12 bi | Brasil: R$ 10,83 bi","R$ 1,48 bi | Brasil: R$ 10,87 bi","R$ 229,63 mi | Brasil: R$ 2,48 bi",9.669 | Brasil: 145.708,"2022: R$ 149,62 mi | 2023: R$ 223,89 mi | 2024: R$ 234,29 mi | 2025: R$ 247,96 mi | 2026: R$ 113,81 mi || Brasil: 2022: R$ 3,58 bi | 2023: R$ 5,28 bi | 2024: R$ 5,33 bi | 2025: R$ 5,51 bi | 2026: R$ 2,46 bi",587.962 | Brasil: 4.782.680,"2019: R$ 73,60 mi | 2020: R$ 77,43 mi | 2021: R$ 82,41 mi | 2022: R$ 75,28 mi | 2023: R$ 95,58 mi | 2024: R$ 90,37 mi | 2025: R$ 134,93 mi | 2026: R$ 50,67 mi || Brasil: 2019: R$ 697,05 mi | 2020: R$ 720,18 mi | 2021: R$ 770,93 mi | 2022: R$ 772,04 mi | 2023: R$ 872,04 mi | 2024: R$ 804,61 mi | 2025: R$ 885,62 mi | 2026: R$ 398,16 mi","27,0 mil | Brasil: 1.884.660",1 | Brasil: 38,18 | Brasil: 605,31 | Brasil: 339,4 | Brasil: 69,56.926 | Brasil: 1.075.373,"Até 2002: 131 | 2003 a 2016: 180 | 2017 a 2018: 5 | 2019 a 2022: 11 | A partir de 2023: 12 (Funcionando: 4, Não Funcionando: 8) | Total Geral: 339","A partir de 2023: 12 (Funcionando: 4, Não Funcionando: 8)","2019: 6,11% (115.794 ) | 2022: 6,59% (123.055 ) | 2023: 8,99% (162.869 ) | 2026: 17,24% (308.667 )(*) || Brasil: 2019: 14,21% (5.002.641 ) | 2022: 18,37% (6.499.119 ) | 2023: 20,86% (7.308.315 ) | 2026: 25,82% (8.830.779 )(*) 2026 com dado mais recente de 2025; 2026 ainda não publicado.","Ensino Médio: De 43,7% em 2022 para 30,2% em 2025 | Brasil: De 24,3% em 2022 para 17,6% em 2025","Ensino Médio: De 0,9% em 2023 para 1,0% em 2024 | Brasil: De 5,7% em 2023 para 5,6% em 2024","Ensino Médio: De 0,3% em 2023 para 2,1% em 2024 | Brasil: De 3,8% em 2023 para 3,5% em 2024","De 48,40%* em 2023 para 58% em 2025 | Brasil: De 55,90%* em 2023 para 66% em 2025"
PB,PARAÍBA,BRIEFING – Visita Ministerial - PARAÍBA,"2.960 (79,5% ) | Brasil: 100.720 (72,9%)",29.811 | Brasil: 1.632.740,"R$ 186,9 mi | Brasil: R$ 7,16 bi",4.271 | Brasil: 173.744,2.537 | Brasil: 75.816,"R$ 5,27 mi | Brasil: R$ 214,57 mi",273 | Brasil: 7.386,"R$ 9,36 mi | Brasil: R$ 260,63 mi","R$ 4,62 mi | Brasil: R$ 240,55 mi","R$ 26,00 mi | Brasil: R$ 579,17 mi","R$ 45,26 mi | Brasil: R$ 1,56 bi","194.792 (74,44%) | Brasil: 7.224.258 (56,03%)","R$ 605,52 mi | Brasil: R$ 21,00 bi",2024-2026,Abril/2026,61 | Brasil: 2525,"R$ 74,47 mi | Brasil: R$ 3,13 bi","R$ 39,46 mi | Brasil: R$ 1,73 bi",44 | Brasil: 1681,"R$ 176,83 mi | Brasil: R$ 7,26 bi",43 | Brasil: 683,"R$ 413,21 mi | Brasil: R$ 6,94 bi",131 | Brasil: 2477,"R$ 65,31 mi | Brasil: R$ 1,20 bi","R$ 47,10 mi | Brasil: R$ 3,43 bi","R$ 0,00 mi | Brasil: R$ 575,00 mi","R$ 47,10 mi | Brasil: R$ 4,00 bi","2 Salas de Aula = R$ 10,19 mi | 1 Complexo Esportivo = R$ 28,00 mi | 1 Estruturas Acadêmicas = R$ 4,71 mi | 1 Infraestrutura e Urbanização = R$ 3,20 mi | 1 Laboratórios = R$ 1,00 mi","R$ 69,03 mi | Brasil: R$ 1,52 bi","R$ 100,00 mi - 4 campi | Brasil: R$ 2,70 bi","R$ 169,03 mi | Brasil: R$ 4,22 bi","3 Sede de Campus - R$ 37,15 mi | 5 Biblioteca - R$ 7,50 mi | 5 Restaurante Estudantil - R$ 8,50 mi | 1 Sede Reitoria - R$ 4,10 mi | 3 Infraestrutura - R$ 2,34 mi | 2 Sede de Campus AX - R$ 9,44 mi",Campus Mamanguape | Campus Sapé | Campus Queimadas | Campus Alagoa Grande,"R$ 32,83 mi | Brasil: R$ 1,79 bi","Reforma da Ala Pediátrica, Construção da Subestação e do Abrigo de Resíduos. - R$ 4,13 mi | Construção de um Bloco novo da UTI adulto para ampliação da UTI pediátrica - R$ 6,70 mi | Reforma do Centro Cirurgico, Centro Obstétrico e UTI - R$ 22,00 mi","R$ 5,30 bi | Brasil: R$ 257,14 bi","R$ 5,57 bi | Brasil: R$ 269,16 bi","R$ 6,54 bi | Brasil: R$ 310,34 bi","R$ 7,26 bi | Brasil: R$ 339,79 bi","R$ 3,03 bi | Brasil: R$ 143,73 bi","R$ 145,32 mi | Brasil: R$ 10,83 bi","R$ 445,73 mi | Brasil: R$ 10,87 bi","R$ 53,88 mi | Brasil: R$ 2,48 bi",3.707 | Brasil: 145.708,"2022: R$ 84,36 mi | 2023: R$ 102,23 mi | 2024: R$ 113,15 mi | 2025: R$ 115,20 mi | 2026: R$ 53,26 mi || Brasil: 2022: R$ 3,58 bi | 2023: R$ 5,28 bi | 2024: R$ 5,33 bi | 2025: R$ 5,51 bi | 2026: R$ 2,46 bi",141.864 | Brasil: 4.782.680,"2019: R$ 19,44 mi | 2020: R$ 21,18 mi | 2021: R$ 23,06 mi | 2022: R$ 23,08 mi | 2023: R$ 26,68 mi | 2024: R$ 22,95 mi | 2025: R$ 22,85 mi | 2026: R$ 11,16 mi || Brasil: 2019: R$ 697,05 mi | 2020: R$ 720,18 mi | 2021: R$ 770,93 mi | 2022: R$ 772,04 mi | 2023: R$ 872,04 mi | 2024: R$ 804,61 mi | 2025: R$ 885,62 mi | 2026: R$ 398,16 mi","33,9 mil | Brasil: 1.884.660",1 | Brasil: 38,21 | Brasil: 605,11 | Brasil: 339,2 | Brasil: 69,42.087 | Brasil: 1.075.373,"Até 2002: 131 | 2003 a 2016: 180 | 2017 a 2018: 5 | 2019 a 2022: 11 | A partir de 2023: 12 (Funcionando: 4, Não Funcionando: 8) | Total Geral: 339","A partir de 2023: 12 (Funcionando: 4, Não Funcionando: 8)","2019: 22,50% (147.762 ) | 2022: 27,37% (184.231 ) | 2023: 30,28% (200.055 ) | 2026: 37,15% (243.604 )(*) || Brasil: 2019: 14,21% (5.002.641 ) | 2022: 18,37% (6.499.119 ) | 2023: 20,86% (7.308.315 ) | 2026: 25,82% (8.830.779 )(*) 2026 com dado mais recente de 2025; 2026 ainda não publicado.","Ensino Médio: De 30,5% em 2022 para 26,1% em 2025 | Brasil: De 24,3% em 2022 para 17,6% em 2025","Ensino Médio: De 8,3% em 2023 para 9,4% em 2024 | Brasil: De 5,7% em 2023 para 5,6% em 2024","Ensino Médio: De 7,5% em 2023 para 6,7% em 2024 | Brasil: De 3,8% em 2023 para 3,5% em 2024","De 51,12%* em 2023 para 71% em 2025 | Brasil: De 55,90%* em 2023 para 66% em 2025"
PE,PERNAMBUCO,BRIEFING – Visita Ministerial - PERNAMBUCO,"4.221 (71,7% ) | Brasil: 100.720 (72,9%)",72.157 | Brasil: 1.632.740,"R$ 393,9 mi | Brasil: R$ 7,16 bi",8.056 | Brasil: 173.744,4.317 | Brasil: 75.816,"R$ 9,95 mi | Brasil: R$ 214,57 mi",233 | Brasil: 7.386,"R$ 8,25 mi | Brasil: R$ 260,63 mi","R$ 10,14 mi | Brasil: R$ 240,55 mi","R$ 18,43 mi | Brasil: R$ 579,17 mi","R$ 46,77 mi | Brasil: R$ 1,56 bi","474.134 (75,26%) | Brasil: 7.224.258 (56,03%)","R$ 1,48 bi | Brasil: R$ 21,00 bi",2024-2026,Abril/2026,76 | Brasil: 2525,"R$ 126,29 mi | Brasil: R$ 3,13 bi","R$ 57,64 mi | Brasil: R$ 1,73 bi",130 | Brasil: 1681,"R$ 520,48 mi | Brasil: R$ 7,26 bi",45 | Brasil: 683,"R$ 452,27 mi | Brasil: R$ 6,94 bi",162 | Brasil: 2477,"R$ 80,69 mi | Brasil: R$ 1,20 bi","R$ 161,27 mi | Brasil: R$ 3,43 bi","R$ 60,00 mi - 1 Campus (Sertânia) | Brasil: R$ 575,00 mi","R$ 221,27 mi | Brasil: R$ 4,00 bi","6 Estruturas Acadêmicas = R$ 136,00 mi | 1 Infraestrutura e Urbanização = R$ 1,90 mi | 1 Salas de Aula = R$ 12,90 mi | 1 Laboratórios = R$ 10,00 mi | 1 Restaurante Universitário = R$ 472,90 mil","R$ 72,39 mi | Brasil: R$ 1,52 bi","R$ 150,00 mi - 6 campi | Brasil: R$ 2,70 bi","R$ 222,39 mi | Brasil: R$ 4,22 bi","3 Biblioteca - R$ 4,50 mi | 2 Sede Reitoria - R$ 20,00 mi | 11 Restaurante Estudantil - R$ 18,70 mi | 1 Infraestrutura - R$ 1,50 mi | 1 Sede de Campus - R$ 20,25 mi | 4 Equipamento - R$ 6,90 mi | 1 Equipamento Restaurante - R$ 550,00 mil",Campus Goiana | Campus Santa Cruz do Capibaribe | Campus Araripina | Campus Águas Belas | Campus Bezerros | Campus Recife,"R$ 58,00 mi | Brasil: R$ 1,79 bi","Reforma com ampliação do Centro Cirúrgico - R$ 6,00 mi | Reforma com Ampliação das UTIs e Centro Cirúrgico, Recuperação da Fachada e Cobertura, Reestruturação Elétrica e Sistema de Combate à Incêndio - R$ 52,00 mi","R$ 10,27 bi | Brasil: R$ 257,14 bi","R$ 10,67 bi | Brasil: R$ 269,16 bi","R$ 12,83 bi | Brasil: R$ 310,34 bi","R$ 14,13 bi | Brasil: R$ 339,79 bi","R$ 6,10 bi | Brasil: R$ 143,73 bi","R$ 566,72 mi | Brasil: R$ 10,83 bi","R$ 707,86 mi | Brasil: R$ 10,87 bi","R$ 209,66 mi | Brasil: R$ 2,48 bi",5.971 | Brasil: 145.708,"2022: R$ 146,21 mi | 2023: R$ 229,69 mi | 2024: R$ 226,88 mi | 2025: R$ 249,46 mi | 2026: R$ 110,00 mi || Brasil: 2022: R$ 3,58 bi | 2023: R$ 5,28 bi | 2024: R$ 5,33 bi | 2025: R$ 5,51 bi | 2026: R$ 2,46 bi",267.732 | Brasil: 4.782.680,"2019: R$ 42,57 mi | 2020: R$ 45,36 mi | 2021: R$ 50,93 mi | 2022: R$ 57,20 mi | 2023: R$ 55,17 mi | 2024: R$ 53,45 mi | 2025: R$ 53,58 mi | 2026: R$ 26,14 mi || Brasil: 2019: R$ 697,05 mi | 2020: R$ 720,18 mi | 2021: R$ 770,93 mi | 2022: R$ 772,04 mi | 2023: R$ 872,04 mi | 2024: R$ 804,61 mi | 2025: R$ 885,62 mi | 2026: R$ 398,16 mi","39,8 mil | Brasil: 1.884.660",2 | Brasil: 38,23 | Brasil: 605,12 | Brasil: 339,4 | Brasil: 69,49.200 | Brasil: 1.075.373,"Até 2002: 131 | 2003 a 2016: 180 | 2017 a 2018: 5 | 2019 a 2022: 11 | A partir de 2023: 12 (Funcionando: 4, Não Funcionando: 8) | Total Geral: 339","A partir de 2023: 12 (Funcionando: 4, Não Funcionando: 8)","2019: 20,00% (295.521 ) | 2022: 20,45% (301.081 ) | 2023: 23,71% (345.706 ) | 2026: 27,53% (397.869 )(*) || Brasil: 2019: 14,21% (5.002.641 ) | 2022: 18,37% (6.499.119 ) | 2023: 20,86% (7.308.315 ) | 2026: 25,82% (8.830.779 )(*) 2026 com dado mais recente de 2025; 2026 ainda não publicado.","Ensino Médio: De 21,8% em 2022 para 18,0% em 2025 | Brasil: De 24,3% em 2022 para 17,6% em 2025","Ensino Médio: De 4,2% em 2023 para 3,1% em 2024 | Brasil: De 5,7% em 2023 para 5,6% em 2024","Ensino Médio: De 0,9% em 2023 para 0,8% em 2024 | Brasil: De 3,8% em 2023 para 3,5% em 2024","De 59,00%* em 2023 para 66% em 2025 | Brasil: De 55,90%* em 2023 para 66% em 2025"
PI,PIAUÍ,BRIEFING – Visita Ministerial - PIAUÍ,"2.994 (84,2% ) | Brasil: 100.720 (72,9%)",31.704 | Brasil: 1.632.740,"R$ 202,7 mi | Brasil: R$ 7,16 bi",4.315 | Brasil: 173.744,2.393 | Brasil: 75.816,"R$ 5,33 mi | Brasil: R$ 214,57 mi",289 | Brasil: 7.386,"R$ 10,27 mi | Brasil: R$ 260,63 mi","R$ 5,02 mi | Brasil: R$ 240,55 mi","R$ 36,78 mi | Brasil: R$ 579,17 mi","R$ 57,40 mi | Brasil: R$ 1,56 bi","189.109 (72,55%) | Brasil: 7.224.258 (56,03%)","R$ 602,57 mi | Brasil: R$ 21,00 bi",2024-2026,Abril/2026,123 | Brasil: 2525,"R$ 110,40 mi | Brasil: R$ 3,13 bi","R$ 66,22 mi | Brasil: R$ 1,73 bi",75 | Brasil: 1681,"R$ 321,94 mi | Brasil: R$ 7,26 bi",41 | Brasil: 683,"R$ 389,42 mi | Brasil: R$ 6,94 bi",148 | Brasil: 2477,"R$ 71,73 mi | Brasil: R$ 1,20 bi","R$ 39,25 mi | Brasil: R$ 3,43 bi","R$ 0,00 mi | Brasil: R$ 575,00 mi","R$ 39,25 mi | Brasil: R$ 4,00 bi","1 Restaurante Universitário = R$ 915,72 mil | 2 Salas de Aula = R$ 6,60 mi | 1 Biblioteca = R$ 2,20 mi | 2 Infraestrutura e Urbanização = R$ 5,50 mi | 1 Laboratórios = R$ 1,65 mi | 1 Estruturas Acadêmicas = R$ 22,38 mi","R$ 24,48 mi | Brasil: R$ 1,52 bi","R$ 90,00 mi - 4 campi | Brasil: R$ 2,70 bi","R$ 114,48 mi | Brasil: R$ 4,22 bi","2 Biblioteca - R$ 3,00 mi | 10 Restaurante Estudantil - R$ 10,89 mi | 1 Sala de Aula - R$ 1,49 mi | 4 Infraestrutura - R$ 805,30 mil | 3 Equipamento - R$ 2,81 mi | 10 Equipamento Restaurante - R$ 5,50 mi",Campus Barras | Campus Esperantina | Campus Altos | Campus Luzilândia,"R$ 0 | Brasil: R$ 1,79 bi",,"R$ 5,08 bi | Brasil: R$ 257,14 bi","R$ 5,89 bi | Brasil: R$ 269,16 bi","R$ 6,71 bi | Brasil: R$ 310,34 bi","R$ 7,93 bi | Brasil: R$ 339,79 bi","R$ 3,76 bi | Brasil: R$ 143,73 bi","R$ 706,73 mi | Brasil: R$ 10,83 bi","R$ 825,31 mi | Brasil: R$ 10,87 bi","R$ 102,05 mi | Brasil: R$ 2,48 bi",3.587 | Brasil: 145.708,"2022: R$ 83,11 mi | 2023: R$ 121,84 mi | 2024: R$ 134,19 mi | 2025: R$ 126,84 mi | 2026: R$ 60,87 mi || Brasil: 2022: R$ 3,58 bi | 2023: R$ 5,28 bi | 2024: R$ 5,33 bi | 2025: R$ 5,51 bi | 2026: R$ 2,46 bi",159.351 | Brasil: 4.782.680,"2019: R$ 28,01 mi | 2020: R$ 27,59 mi | 2021: R$ 29,58 mi | 2022: R$ 33,35 mi | 2023: R$ 34,92 mi | 2024: R$ 30,24 mi | 2025: R$ 39,27 mi | 2026: R$ 15,88 mi || Brasil: 2019: R$ 697,05 mi | 2020: R$ 720,18 mi | 2021: R$ 770,93 mi | 2022: R$ 772,04 mi | 2023: R$ 872,04 mi | 2024: R$ 804,61 mi | 2025: R$ 885,62 mi | 2026: R$ 398,16 mi","33,1 mil | Brasil: 1.884.660",1 | Brasil: 38,20 | Brasil: 605,6 | Brasil: 339,3 | Brasil: 69,24.073 | Brasil: 1.075.373,"Até 2002: 131 | 2003 a 2016: 180 | 2017 a 2018: 5 | 2019 a 2022: 11 | A partir de 2023: 12 (Funcionando: 4, Não Funcionando: 8) | Total Geral: 339","A partir de 2023: 12 (Funcionando: 4, Não Funcionando: 8)","2019: 22,25% (142.175 ) | 2022: 32,97% (209.230 ) | 2023: 44,99% (281.219 ) | 2026: 56,53% (341.909 )(*) || Brasil: 2019: 14,21% (5.002.641 ) | 2022: 18,37% (6.499.119 ) | 2023: 20,86% (7.308.315 ) | 2026: 25,82% (8.830.779 )(*) 2026 com dado mais recente de 2025; 2026 ainda não publicado.","Ensino Médio: De 33,2% em 2022 para 21,7% em 2025 | Brasil: De 24,3% em 2022 para 17,6% em 2025","Ensino Médio: De 1,4% em 2023 para 1,4% em 2024 | Brasil: De 5,7% em 2023 para 5,6% em 2024","Ensino Médio: De 2,1% em 2023 para 2,2% em 2024 | Brasil: De 3,8% em 2023 para 3,5% em 2024","De 52,48%* em 2023 para 77% em 2025 | Brasil: De 55,90%* em 2023 para 66% em 2025"
PR,PARANÁ,BRIEFING – Visita Ministerial - PARANÁ,"6.384 (86,2% ) | Brasil: 100.720 (72,9%)",119.727 | Brasil: 1.632.740,"R$ 560,1 mi | Brasil: R$ 7,16 bi",9.936 | Brasil: 173.744,3.642 | Brasil: 75.816,"R$ 12,27 mi | Brasil: R$ 214,57 mi",497 | Brasil: 7.386,"R$ 17,36 mi | Brasil: R$ 260,63 mi","R$ 13,15 mi | Brasil: R$ 240,55 mi","R$ 21,81 mi | Brasil: R$ 579,17 mi","R$ 64,58 mi | Brasil: R$ 1,56 bi","260.996 (37,24%) | Brasil: 7.224.258 (56,03%)","R$ 694,24 mi | Brasil: R$ 21,00 bi",2024-2026,Abril/2026,49 | Brasil: 2525,"R$ 89,43 mi | Brasil: R$ 3,13 bi","R$ 54,53 mi | Brasil: R$ 1,73 bi",85 | Brasil: 1681,"R$ 399,62 mi | Brasil: R$ 7,26 bi",15 | Brasil: 683,"R$ 163,23 mi | Brasil: R$ 6,94 bi",55 | Brasil: 2477,"R$ 25,85 mi | Brasil: R$ 1,20 bi","R$ 865,50 mi | Brasil: R$ 3,43 bi","R$ 0,00 mi | Brasil: R$ 575,00 mi","R$ 865,50 mi | Brasil: R$ 4,00 bi","14 Estruturas Acadêmicas = R$ 833,50 mi | 1 Laboratórios = R$ 1,00 mi | 2 Biblioteca = R$ 6,50 mi | 1 Salas de Aula = R$ 5,50 mi | 1 Moradia Estudantil = R$ 10,00 mi | 1 Infraestrutura e Urbanização = R$ 9,00 mi","R$ 40,05 mi | Brasil: R$ 1,52 bi","R$ 140,00 mi - 6 campi | Brasil: R$ 2,70 bi","R$ 180,05 mi | Brasil: R$ 4,22 bi","12 Restaurante Estudantil - R$ 20,40 mi | 1 Sede de Campus - R$ 10,00 mi | 1 Laboratórios - R$ 696,12 mil | 2 Demais Obras - R$ 1,70 mi | 2 Estruturas Acadêmicas - R$ 1,71 mi | 1 Infraestrutura - R$ 498,43 mil | 2 Equipamento - R$ 2,29 mi | 5 Equipamento Restaurante - R$ 2,75 mi",Campus Maringá | Campus Araucária | Campus Cianorte | Campus Cambé | Campus Toledo | Campus Ponta Grossa,"R$ 0 | Brasil: R$ 1,79 bi",,"R$ 13,08 bi | Brasil: R$ 257,14 bi","R$ 14,31 bi | Brasil: R$ 269,16 bi","R$ 16,18 bi | Brasil: R$ 310,34 bi","R$ 17,52 bi | Brasil: R$ 339,79 bi","R$ 7,52 bi | Brasil: R$ 143,73 bi","R$ 0,00 mi | Brasil: R$ 10,83 bi","R$ 29,02 mi | Brasil: R$ 10,87 bi","R$ 308,60 mi | Brasil: R$ 2,48 bi",7.999 | Brasil: 145.708,"2022: R$ 194,11 mi | 2023: R$ 266,87 mi | 2024: R$ 286,06 mi | 2025: R$ 299,48 mi | 2026: R$ 128,28 mi || Brasil: 2022: R$ 3,58 bi | 2023: R$ 5,28 bi | 2024: R$ 5,33 bi | 2025: R$ 5,51 bi | 2026: R$ 2,46 bi",273.614 | Brasil: 4.782.680,"2019: R$ 31,97 mi | 2020: R$ 31,18 mi | 2021: R$ 31,28 mi | 2022: R$ 35,30 mi | 2023: R$ 38,05 mi | 2024: R$ 33,72 mi | 2025: R$ 33,64 mi | 2026: R$ 15,76 mi || Brasil: 2019: R$ 697,05 mi | 2020: R$ 720,18 mi | 2021: R$ 770,93 mi | 2022: R$ 772,04 mi | 2023: R$ 872,04 mi | 2024: R$ 804,61 mi | 2025: R$ 885,62 mi | 2026: R$ 398,16 mi","30,6 mil | Brasil: 1.884.660",1 | Brasil: 38,26 | Brasil: 605,29 | Brasil: 339,4 | Brasil: 69,60.755 | Brasil: 1.075.373,"Até 2002: 131 | 2003 a 2016: 180 | 2017 a 2018: 5 | 2019 a 2022: 11 | A partir de 2023: 12 (Funcionando: 4, Não Funcionando: 8) | Total Geral: 339","A partir de 2023: 12 (Funcionando: 4, Não Funcionando: 8)","2019: 14,90% (288.372 ) | 2022: 16,34% (320.463 ) | 2023: 18,81% (364.501 ) | 2026: 22,28% (423.307 )(*) || Brasil: 2019: 14,21% (5.002.641 ) | 2022: 18,37% (6.499.119 ) | 2023: 20,86% (7.308.315 ) | 2026: 25,82% (8.830.779 )(*) 2026 com dado mais recente de 2025; 2026 ainda não publicado.","Ensino Médio: De 16,0% em 2022 para 9,1% em 2025 | Brasil: De 24,3% em 2022 para 17,6% em 2025","Ensino Médio: De 3,0% em 2023 para 5,6% em 2024 | Brasil: De 5,7% em 2023 para 5,6% em 2024","Ensino Médio: De 0,7% em 2023 para 1,5% em 2024 | Brasil: De 3,8% em 2023 para 3,5% em 2024","De 73,12%* em 2023 para 80% em 2025 | Brasil: De 55,90%* em 2023 para 66% em 2025"
RJ,RIO DE JANEIRO,BRIEFING – Visita Ministerial - RIO DE JANEIRO,"4.854 (70,3% ) | Brasil: 100.720 (72,9%)",72.617 | Brasil: 1.632.740,"R$ 282,7 mi | Brasil: R$ 7,16 bi",10.858 | Brasil: 173.744,3.500 | Brasil: 75.816,"R$ 13,41 mi | Brasil: R$ 214,57 mi",136 | Brasil: 7.386,"R$ 4,99 mi | Brasil: R$ 260,63 mi","R$ 11,25 mi | Brasil: R$ 240,55 mi","R$ 13,79 mi | Brasil: R$ 579,17 mi","R$ 43,44 mi | Brasil: R$ 1,56 bi","493.898 (57,45%) | Brasil: 7.224.258 (56,03%)","R$ 1,40 bi | Brasil: R$ 21,00 bi",2024-2026,Abril/2026,25 | Brasil: 2525,"R$ 29,97 mi | Brasil: R$ 3,13 bi","R$ 11,07 mi | Brasil: R$ 1,73 bi",63 | Brasil: 1681,"R$ 279,57 mi | Brasil: R$ 7,26 bi",29 | Brasil: 683,"R$ 313,42 mi | Brasil: R$ 6,94 bi",42 | Brasil: 2477,"R$ 21,55 mi | Brasil: R$ 1,20 bi","R$ 143,91 mi | Brasil: R$ 3,43 bi","R$ 0,00 mi | Brasil: R$ 575,00 mi","R$ 143,91 mi | Brasil: R$ 4,00 bi","3 Estruturas Acadêmicas = R$ 34,50 mi | 3 Salas de Aula = R$ 37,52 mi | 3 Moradia Estudantil = R$ 59,00 mi | 2 Restaurante Universitário = R$ 1,47 mi | 1 Laboratórios = R$ 2,63 mi | 2 Complexo Esportivo = R$ 2,00 mi | 1 Infraestrutura e Urbanização = R$ 6,80 mi","R$ 92,56 mi | Brasil: R$ 1,52 bi","R$ 125,00 mi - 5 campi | Brasil: R$ 2,70 bi","R$ 217,56 mi | Brasil: R$ 4,22 bi","22 Restaurante Estudantil - R$ 30,42 mi | 7 Infraestrutura - R$ 13,13 mi | 1 Biblioteca - R$ 1,50 mi | 1 Demais Obras - R$ 222,88 mil | 3 Estruturas Acadêmicas - R$ 6,31 mi | 5 Equipamento - R$ 9,90 mi | 2 Sede de Campus - R$ 31,06 mi",Campus Rio de Janeiro | Campus Magé | Campus Rio de Janeiro - Complexo do Alemão | Campus Teresópolis | Campus Piraí,"R$ 115,00 mi | Brasil: R$ 1,79 bi","Reforma do Complexo Hospitalar da Universidade Federal do Rio de Janeiro (CH-UFRJ). - R$ 115,00 mi","R$ 13,22 bi | Brasil: R$ 257,14 bi","R$ 15,95 bi | Brasil: R$ 269,16 bi","R$ 16,36 bi | Brasil: R$ 310,34 bi","R$ 16,92 bi | Brasil: R$ 339,79 bi","R$ 7,80 bi | Brasil: R$ 143,73 bi","R$ -165,36 mi | Brasil: R$ 10,83 bi","R$ 59,36 mi | Brasil: R$ 10,87 bi","R$ 13,05 mi | Brasil: R$ 2,48 bi",7.382 | Brasil: 145.708,"2022: R$ 220,31 mi | 2023: R$ 322,97 mi | 2024: R$ 321,08 mi | 2025: R$ 331,89 mi | 2026: R$ 139,64 mi || Brasil: 2022: R$ 3,58 bi | 2023: R$ 5,28 bi | 2024: R$ 5,33 bi | 2025: R$ 5,51 bi | 2026: R$ 2,46 bi",72.732 | Brasil: 4.782.680,"2019: R$ 9,88 mi | 2020: R$ 10,83 mi | 2021: R$ 12,16 mi | 2022: R$ 11,70 mi | 2023: R$ 12,17 mi | 2024: R$ 9,63 mi | 2025: R$ 10,46 mi | 2026: R$ 4,66 mi || Brasil: 2019: R$ 697,05 mi | 2020: R$ 720,18 mi | 2021: R$ 770,93 mi | 2022: R$ 772,04 mi | 2023: R$ 872,04 mi | 2024: R$ 804,61 mi | 2025: R$ 885,62 mi | 2026: R$ 398,16 mi","43,5 mil | Brasil: 1.884.660",2 | Brasil: 38,27 | Brasil: 605,25 | Brasil: 339,4 | Brasil: 69,126.141 | Brasil: 1.075.373,"Até 2002: 131 | 2003 a 2016: 180 | 2017 a 2018: 5 | 2019 a 2022: 11 | A partir de 2023: 12 (Funcionando: 4, Não Funcionando: 8) | Total Geral: 339","A partir de 2023: 12 (Funcionando: 4, Não Funcionando: 8)","2019: 16,93% (374.878 ) | 2022: 17,98% (405.086 ) | 2023: 19,71% (435.036 ) | 2026: 23,66% (507.235 )(*) || Brasil: 2019: 14,21% (5.002.641 ) | 2022: 18,37% (6.499.119 ) | 2023: 20,86% (7.308.315 ) | 2026: 25,82% (8.830.779 )(*) 2026 com dado mais recente de 2025; 2026 ainda não publicado.","Ensino Médio: De 33,9% em 2022 para 29,8% em 2025 | Brasil: De 24,3% em 2022 para 17,6% em 2025","Ensino Médio: De 14,1% em 2023 para 13,4% em 2024 | Brasil: De 5,7% em 2023 para 5,6% em 2024","Ensino Médio: De 5,1% em 2023 para 5,5% em 2024 | Brasil: De 3,8% em 2023 para 3,5% em 2024","De 52,13%* em 2023 para 60% em 2025 | Brasil: De 55,90%* em 2023 para 66% em 2025"
RN,RIO GRANDE DO NORTE,BRIEFING – Visita Ministerial - RIO GRANDE DO NORTE,"2.253 (83,0% ) | Brasil: 100.720 (72,9%)",36.144 | Brasil: 1.632.740,"R$ 141,1 mi | Brasil: R$ 7,16 bi",3.227 | Brasil: 173.744,1.779 | Brasil: 75.816,"R$ 3,99 mi | Brasil: R$ 214,57 mi",217 | Brasil: 7.386,"R$ 7,69 mi | Brasil: R$ 260,63 mi","R$ 4,05 mi | Brasil: R$ 240,55 mi","R$ 26,61 mi | Brasil: R$ 579,17 mi","R$ 42,35 mi | Brasil: R$ 1,56 bi","151.781 (72,20%) | Brasil: 7.224.258 (56,03%)","R$ 459,08 mi | Brasil: R$ 21,00 bi",2024-2026,Abril/2026,81 | Brasil: 2525,"R$ 68,97 mi | Brasil: R$ 3,13 bi","R$ 37,56 mi | Brasil: R$ 1,73 bi",50 | Brasil: 1681,"R$ 211,82 mi | Brasil: R$ 7,26 bi",24 | Brasil: 683,"R$ 235,34 mi | Brasil: R$ 6,94 bi",129 | Brasil: 2477,"R$ 62,53 mi | Brasil: R$ 1,20 bi","R$ 68,70 mi | Brasil: R$ 3,43 bi","R$ 0,00 mi | Brasil: R$ 575,00 mi","R$ 68,70 mi | Brasil: R$ 4,00 bi","5 Complexo Esportivo = R$ 29,50 mi | 4 Estruturas Acadêmicas = R$ 13,10 mi | 5 Infraestrutura e Urbanização = R$ 22,20 mi | 1 Salas de Aula = R$ 3,90 mi","R$ 13,10 mi | Brasil: R$ 1,52 bi","R$ 75,00 mi - 3 campi | Brasil: R$ 2,70 bi","R$ 88,10 mi | Brasil: R$ 4,22 bi","4 Restaurante Estudantil - R$ 4,01 mi | 1 Estruturas Acadêmicas - R$ 556,63 mil | 5 Infraestrutura - R$ 1,55 mi | 2 Equipamento - R$ 5,99 mi | 1 Biblioteca - R$ 1,00 mi",Campus Touros | Campus São Miguel | Campus Umarizal,"R$ 40,00 mi | Brasil: R$ 1,79 bi","Construção do novo bloco de Centro Cirúrgico CME, UTI Adulto, UTI Pediátrica e Hemodiálise - R$ 40,00 mi","R$ 3,86 bi | Brasil: R$ 257,14 bi","R$ 4,15 bi | Brasil: R$ 269,16 bi","R$ 4,69 bi | Brasil: R$ 310,34 bi","R$ 5,21 bi | Brasil: R$ 339,79 bi","R$ 2,20 bi | Brasil: R$ 143,73 bi","R$ 0,00 mi | Brasil: R$ 10,83 bi","R$ 194,23 mi | Brasil: R$ 10,87 bi","R$ 34,85 mi | Brasil: R$ 2,48 bi",2.694 | Brasil: 145.708,"2022: R$ 55,17 mi | 2023: R$ 79,33 mi | 2024: R$ 81,50 mi | 2025: R$ 82,77 mi | 2026: R$ 37,35 mi || Brasil: 2022: R$ 3,58 bi | 2023: R$ 5,28 bi | 2024: R$ 5,33 bi | 2025: R$ 5,51 bi | 2026: R$ 2,46 bi",91.459 | Brasil: 4.782.680,"2019: R$ 14,41 mi | 2020: R$ 15,33 mi | 2021: R$ 19,28 mi | 2022: R$ 19,38 mi | 2023: R$ 17,98 mi | 2024: R$ 17,02 mi | 2025: R$ 16,86 mi | 2026: R$ 8,34 mi || Brasil: 2019: R$ 697,05 mi | 2020: R$ 720,18 mi | 2021: R$ 770,93 mi | 2022: R$ 772,04 mi | 2023: R$ 872,04 mi | 2024: R$ 804,61 mi | 2025: R$ 885,62 mi | 2026: R$ 398,16 mi","45,4 mil | Brasil: 1.884.660",1 | Brasil: 38,22 | Brasil: 605,9 | Brasil: 339,2 | Brasil: 69,43.362 | Brasil: 1.075.373,"Até 2002: 131 | 2003 a 2016: 180 | 2017 a 2018: 5 | 2019 a 2022: 11 | A partir de 2023: 12 (Funcionando: 4, Não Funcionando: 8) | Total Geral: 339","A partir de 2023: 12 (Funcionando: 4, Não Funcionando: 8)","2019: 11,00% (63.666 ) | 2022: 7,93% (45.387 ) | 2023: 10,84% (60.743 ) | 2026: 17,17% (92.517 )(*) || Brasil: 2019: 14,21% (5.002.641 ) | 2022: 18,37% (6.499.119 ) | 2023: 20,86% (7.308.315 ) | 2026: 25,82% (8.830.779 )(*) 2026 com dado mais recente de 2025; 2026 ainda não publicado.","Ensino Médio: De 42,1% em 2022 para 34,2% em 2025 | Brasil: De 24,3% em 2022 para 17,6% em 2025","Ensino Médio: De 13,5% em 2023 para 13,1% em 2024 | Brasil: De 5,7% em 2023 para 5,6% em 2024","Ensino Médio: De 9,1% em 2023 para 7,7% em 2024 | Brasil: De 3,8% em 2023 para 3,5% em 2024","De 37,24%* em 2023 para 48% em 2025 | Brasil: De 55,90%* em 2023 para 66% em 2025"
RO,RONDÔNIA,BRIEFING – Visita Ministerial - RONDÔNIA,"762 (74,3% ) | Brasil: 100.720 (72,9%)",7.055 | Brasil: 1.632.740,"R$ 30,9 mi | Brasil: R$ 7,16 bi",1.264 | Brasil: 173.744,496 | Brasil: 75.816,"R$ 1,56 mi | Brasil: R$ 214,57 mi",106 | Brasil: 7.386,"R$ 4,15 mi | Brasil: R$ 260,63 mi","R$ 1,58 mi | Brasil: R$ 240,55 mi","R$ 12,60 mi | Brasil: R$ 579,17 mi","R$ 19,89 mi | Brasil: R$ 1,56 bi","66.586 (49,30%) | Brasil: 7.224.258 (56,03%)","R$ 179,77 mi | Brasil: R$ 21,00 bi",2024-2026,Abril/2026,23 | Brasil: 2525,"R$ 27,15 mi | Brasil: R$ 3,13 bi","R$ 18,03 mi | Brasil: R$ 1,73 bi",24 | Brasil: 1681,"R$ 109,28 mi | Brasil: R$ 7,26 bi",7 | Brasil: 683,"R$ 79,31 mi | Brasil: R$ 6,94 bi",31 | Brasil: 2477,"R$ 14,25 mi | Brasil: R$ 1,20 bi","R$ 16,30 mi | Brasil: R$ 3,43 bi","R$ 0,00 mi | Brasil: R$ 575,00 mi","R$ 16,30 mi | Brasil: R$ 4,00 bi","1 Estruturas Acadêmicas = R$ 3,60 mi | 1 Salas de Aula = R$ 7,00 mi | 2 Infraestrutura e Urbanização = R$ 2,50 mi | 1 Restaurante Universitário = R$ 1,80 mi | 1 Complexo Esportivo = R$ 1,40 mi","R$ 27,51 mi | Brasil: R$ 1,52 bi","R$ 25,00 mi - 1 campus | Brasil: R$ 2,70 bi","R$ 52,51 mi | Brasil: R$ 4,22 bi","2 Estruturas Acadêmicas - R$ 4,35 mi | 2 Demais Obras - R$ 2,95 mi | 1 Equipamento - R$ 603,41 mil | 3 Restaurante Estudantil - R$ 5,10 mi | 3 Biblioteca - R$ 4,50 mi | 1 Sede Reitoria - R$ 10,00 mi",Campus Buritis,"R$ 0 | Brasil: R$ 1,79 bi",,"R$ 2,49 bi | Brasil: R$ 257,14 bi","R$ 2,69 bi | Brasil: R$ 269,16 bi","R$ 3,07 bi | Brasil: R$ 310,34 bi","R$ 3,33 bi | Brasil: R$ 339,79 bi","R$ 1,36 bi | Brasil: R$ 143,73 bi","R$ 0,00 mi | Brasil: R$ 10,83 bi","R$ 1,71 mi | Brasil: R$ 10,87 bi","R$ 12,01 mi | Brasil: R$ 2,48 bi",1.065 | Brasil: 145.708,"2022: R$ 31,09 mi | 2023: R$ 41,83 mi | 2024: R$ 42,70 mi | 2025: R$ 42,04 mi | 2026: R$ 18,18 mi || Brasil: 2022: R$ 3,58 bi | 2023: R$ 5,28 bi | 2024: R$ 5,33 bi | 2025: R$ 5,51 bi | 2026: R$ 2,46 bi",76.915 | Brasil: 4.782.680,"2019: R$ 10,83 mi | 2020: R$ 9,82 mi | 2021: R$ 8,47 mi | 2022: R$ 11,07 mi | 2023: R$ 11,45 mi | 2024: R$ 10,66 mi | 2025: R$ 8,67 mi | 2026: R$ 5,01 mi || Brasil: 2019: R$ 697,05 mi | 2020: R$ 720,18 mi | 2021: R$ 770,93 mi | 2022: R$ 772,04 mi | 2023: R$ 872,04 mi | 2024: R$ 804,61 mi | 2025: R$ 885,62 mi | 2026: R$ 398,16 mi","21,9 mil | Brasil: 1.884.660",1 | Brasil: 38,10 | Brasil: 605,8 | Brasil: 339,1 | Brasil: 69,6.131 | Brasil: 1.075.373,"Até 2002: 131 | 2003 a 2016: 180 | 2017 a 2018: 5 | 2019 a 2022: 11 | A partir de 2023: 12 (Funcionando: 4, Não Funcionando: 8) | Total Geral: 339","A partir de 2023: 12 (Funcionando: 4, Não Funcionando: 8)","2019: 4,68% (15.649 ) | 2022: 4,97% (16.130 ) | 2023: 5,08% (16.428 ) | 2026: 6,41% (20.434 )(*) || Brasil: 2019: 14,21% (5.002.641 ) | 2022: 18,37% (6.499.119 ) | 2023: 20,86% (7.308.315 ) | 2026: 25,82% (8.830.779 )(*) 2026 com dado mais recente de 2025; 2026 ainda não publicado.","Ensino Médio: De 21,4% em 2022 para 13,8% em 2025 | Brasil: De 24,3% em 2022 para 17,6% em 2025","Ensino Médio: De 5,1% em 2023 para 5,3% em 2024 | Brasil: De 5,7% em 2023 para 5,6% em 2024","Ensino Médio: De 4,2% em 2023 para 4,3% em 2024 | Brasil: De 3,8% em 2023 para 3,5% em 2024","De 64,60%* em 2023 para 75% em 2025 | Brasil: De 55,90%* em 2023 para 66% em 2025"
RR,RORAIMA,BRIEFING – Visita Ministerial - RORAIMA,"467 (54,1% ) | Brasil: 100.720 (72,9%)",4.550 | Brasil: 1.632.740,"R$ 17,5 mi | Brasil: R$ 7,16 bi",446 | Brasil: 173.744,130 | Brasil: 75.816,"R$ 0,55 mi | Brasil: R$ 214,57 mi",29 | Brasil: 7.386,"R$ 1,15 mi | Brasil: R$ 260,63 mi","R$ 0,39 mi | Brasil: R$ 240,55 mi","R$ 5,00 mi | Brasil: R$ 579,17 mi","R$ 7,09 mi | Brasil: R$ 1,56 bi","28.888 (60,46%) | Brasil: 7.224.258 (56,03%)","R$ 78,37 mi | Brasil: R$ 21,00 bi",2024-2026,Abril/2026,6 | Brasil: 2525,"R$ 8,33 mi | Brasil: R$ 3,13 bi","R$ 3,01 mi | Brasil: R$ 1,73 bi",5 | Brasil: 1681,"R$ 23,36 mi | Brasil: R$ 7,26 bi",4 | Brasil: 683,"R$ 43,01 mi | Brasil: R$ 6,94 bi",16 | Brasil: 2477,"R$ 8,04 mi | Brasil: R$ 1,20 bi","R$ 8,40 mi | Brasil: R$ 3,43 bi","R$ 0,00 mi | Brasil: R$ 575,00 mi","R$ 8,40 mi | Brasil: R$ 4,00 bi","2 Salas de Aula = R$ 3,00 mi | 1 Laboratórios = R$ 700,00 mil | 1 Estruturas Acadêmicas = R$ 4,70 mi","R$ 21,05 mi | Brasil: R$ 1,52 bi","R$ 25,00 mi - 1 campus | Brasil: R$ 2,70 bi","R$ 46,05 mi | Brasil: R$ 4,22 bi","2 Biblioteca - R$ 3,00 mi | 2 Restaurante Estudantil - R$ 3,40 mi | 1 Sede Reitoria - R$ 10,00 mi | 1 Laboratórios - R$ 318,20 mil | 2 Equipamento - R$ 4,33 mi",Campus Rorainópolis,"R$ 50,00 mi | Brasil: R$ 1,79 bi","Reforma de Hospital Municipal cedido à UFRR - R$ 50,00 mi","R$ 1,41 bi | Brasil: R$ 257,14 bi","R$ 1,47 bi | Brasil: R$ 269,16 bi","R$ 1,73 bi | Brasil: R$ 310,34 bi","R$ 1,91 bi | Brasil: R$ 339,79 bi","R$ 798,85 mi | Brasil: R$ 143,73 bi","R$ 0,00 mi | Brasil: R$ 10,83 bi","R$ 12,34 mi | Brasil: R$ 10,87 bi","R$ 2,56 mi | Brasil: R$ 2,48 bi",858 | Brasil: 145.708,"2022: R$ 13,47 mi | 2023: R$ 19,85 mi | 2024: R$ 19,91 mi | 2025: R$ 20,67 mi | 2026: R$ 9,86 mi || Brasil: 2022: R$ 3,58 bi | 2023: R$ 5,28 bi | 2024: R$ 5,33 bi | 2025: R$ 5,51 bi | 2026: R$ 2,46 bi",29.344 | Brasil: 4.782.680,"2019: R$ 1,90 mi | 2020: R$ 2,65 mi | 2021: R$ 1,39 mi | 2022: R$ 1,66 mi | 2023: R$ 3,55 mi | 2024: R$ 3,77 mi | 2025: R$ 3,86 mi | 2026: R$ 1,76 mi || Brasil: 2019: R$ 697,05 mi | 2020: R$ 720,18 mi | 2021: R$ 770,93 mi | 2022: R$ 772,04 mi | 2023: R$ 872,04 mi | 2024: R$ 804,61 mi | 2025: R$ 885,62 mi | 2026: R$ 398,16 mi","7,2 mil | Brasil: 1.884.660",1 | Brasil: 38,5 | Brasil: 605,3 | Brasil: 339,1 | Brasil: 69,4.797 | Brasil: 1.075.373,"Até 2002: 131 | 2003 a 2016: 180 | 2017 a 2018: 5 | 2019 a 2022: 11 | A partir de 2023: 12 (Funcionando: 4, Não Funcionando: 8) | Total Geral: 339","A partir de 2023: 12 (Funcionando: 4, Não Funcionando: 8)","2019: 4,29% (6.048 ) | 2022: 7,67% (11.767 ) | 2023: 7,06% (11.205 ) | 2026: 7,70% (12.624 )(*) || Brasil: 2019: 14,21% (5.002.641 ) | 2022: 18,37% (6.499.119 ) | 2023: 20,86% (7.308.315 ) | 2026: 25,82% (8.830.779 )(*) 2026 com dado mais recente de 2025; 2026 ainda não publicado.","Ensino Médio: De 23,3% em 2022 para 23,7% em 2025 | Brasil: De 24,3% em 2022 para 17,6% em 2025","Ensino Médio: De 7,9% em 2023 para 7,4% em 2024 | Brasil: De 5,7% em 2023 para 5,6% em 2024","Ensino Médio: De 4,5% em 2023 para 3,8% em 2024 | Brasil: De 3,8% em 2023 para 3,5% em 2024",
RS,RIO GRANDE DO SUL,BRIEFING – Visita Ministerial - RIO GRANDE DO SUL,"5.998 (82,9% ) | Brasil: 100.720 (72,9%)",59.731 | Brasil: 1.632.740,"R$ 173,7 mi | Brasil: R$ 7,16 bi",9.734 | Brasil: 173.744,4.457 | Brasil: 75.816,"R$ 12,02 mi | Brasil: R$ 214,57 mi",589 | Brasil: 7.386,"R$ 20,26 mi | Brasil: R$ 260,63 mi","R$ 16,35 mi | Brasil: R$ 240,55 mi","R$ 38,09 mi | Brasil: R$ 579,17 mi","R$ 86,72 mi | Brasil: R$ 1,56 bi","223.081 (38,85%) | Brasil: 7.224.258 (56,03%)","R$ 538,35 mi | Brasil: R$ 21,00 bi",2024-2026,Abril/2026,74 | Brasil: 2525,"R$ 105,86 mi | Brasil: R$ 3,13 bi","R$ 69,42 mi | Brasil: R$ 1,73 bi",72 | Brasil: 1681,"R$ 301,34 mi | Brasil: R$ 7,26 bi",12 | Brasil: 683,"R$ 134,99 mi | Brasil: R$ 6,94 bi",120 | Brasil: 2477,"R$ 54,44 mi | Brasil: R$ 1,20 bi","R$ 150,94 mi | Brasil: R$ 3,43 bi","R$ 60,00 mi - 1 Campus (Caxias do Sul) | Brasil: R$ 575,00 mi","R$ 210,94 mi | Brasil: R$ 4,00 bi","7 Estruturas Acadêmicas = R$ 18,47 mi | 10 Restaurante Universitário = R$ 18,39 mi | 13 Infraestrutura e Urbanização = R$ 82,58 mi | 4 Moradia Estudantil = R$ 11,20 mi | 5 Salas de Aula = R$ 13,30 mi | 1 Complexo Esportivo = R$ 2,00 mi | 1 Laboratórios = R$ 5,00 mi","R$ 95,29 mi | Brasil: R$ 1,52 bi","R$ 180,00 mi - 8 campi | Brasil: R$ 2,70 bi","R$ 275,29 mi | Brasil: R$ 4,22 bi","20 Restaurante Estudantil - R$ 32,90 mi | 10 Biblioteca - R$ 15,00 mi | 1 Sede de Campus - R$ 15,53 mi | 10 Infraestrutura - R$ 4,92 mi | 3 Demais Obras - R$ 2,40 mi | 4 Estruturas Acadêmicas - R$ 4,11 mi | 5 Equipamento - R$ 8,24 mi | 1 Sede Reitoria - R$ 10,00 mi | 4 Equipamento Restaurante - R$ 2,20 mi",Campus São Leopoldo | Campus Porto Alegre - Zona Norte | Campus Gramado | Campus Caçapava do Sul | Campus São Luiz Gonzaga | Campus Rosário do Sul | Campus Santa Maria | Campus Triunfo,"R$ 364,28 mi | Brasil: R$ 1,79 bi","Reforma para Reestruturação elétrica; Reforma da fachada; Cobertura;Construção Almoxarifado e Administração. - R$ 32,00 mi | Construção dos blocos 1 e 2 do novo Hospital Escola da Universidade Federal de Pelotas - R$ 274,00 mi | Reforma das áreas de oncologia adulto e pediátrica, fachada e cobertura - R$ 8,28 mi","R$ 12,85 bi | Brasil: R$ 257,14 bi","R$ 13,64 bi | Brasil: R$ 269,16 bi","R$ 15,65 bi | Brasil: R$ 310,34 bi","R$ 16,16 bi | Brasil: R$ 339,79 bi","R$ 7,02 bi | Brasil: R$ 143,73 bi","R$ 0,00 mi | Brasil: R$ 10,83 bi","R$ 2,97 mi | Brasil: R$ 10,87 bi","R$ 61,61 mi | Brasil: R$ 2,48 bi",7.887 | Brasil: 145.708,"2022: R$ 167,47 mi | 2023: R$ 241,97 mi | 2024: R$ 270,30 mi | 2025: R$ 241,96 mi | 2026: R$ 108,15 mi || Brasil: 2022: R$ 3,58 bi | 2023: R$ 5,28 bi | 2024: R$ 5,33 bi | 2025: R$ 5,51 bi | 2026: R$ 2,46 bi",173.497 | Brasil: 4.782.680,"2019: R$ 29,80 mi | 2020: R$ 30,30 mi | 2021: R$ 28,51 mi | 2022: R$ 34,53 mi | 2023: R$ 37,78 mi | 2024: R$ 34,36 mi | 2025: R$ 31,34 mi | 2026: R$ 15,51 mi || Brasil: 2019: R$ 697,05 mi | 2020: R$ 720,18 mi | 2021: R$ 770,93 mi | 2022: R$ 772,04 mi | 2023: R$ 872,04 mi | 2024: R$ 804,61 mi | 2025: R$ 885,62 mi | 2026: R$ 398,16 mi","836,7 mil | Brasil: 1.884.660",3 | Brasil: 38,42 | Brasil: 605,30 | Brasil: 339,7 | Brasil: 69,83.148 | Brasil: 1.075.373,"Até 2002: 131 | 2003 a 2016: 180 | 2017 a 2018: 5 | 2019 a 2022: 11 | A partir de 2023: 12 (Funcionando: 4, Não Funcionando: 8) | Total Geral: 339","A partir de 2023: 12 (Funcionando: 4, Não Funcionando: 8)","2019: 12,43% (212.879 ) | 2022: 13,01% (222.774 ) | 2023: 14,45% (244.302 ) | 2026: 19,05% (311.013 )(*) || Brasil: 2019: 14,21% (5.002.641 ) | 2022: 18,37% (6.499.119 ) | 2023: 20,86% (7.308.315 ) | 2026: 25,82% (8.830.779 )(*) 2026 com dado mais recente de 2025; 2026 ainda não publicado.","Ensino Médio: De 29,5% em 2022 para 20,0% em 2025 | Brasil: De 24,3% em 2022 para 17,6% em 2025","Ensino Médio: De 10,6% em 2023 para 10,9% em 2024 | Brasil: De 5,7% em 2023 para 5,6% em 2024","Ensino Médio: De 8,4% em 2023 para 5,2% em 2024 | Brasil: De 3,8% em 2023 para 3,5% em 2024","De 63,40%* em 2023 para 52% em 2025 | Brasil: De 55,90%* em 2023 para 66% em 2025"
SC,SANTA CATARINA,BRIEFING – Visita Ministerial - SANTA CATARINA,"4.128 (79,1% ) | Brasil: 100.720 (72,9%)",46.646 | Brasil: 1.632.740,"R$ 213,6 mi | Brasil: R$ 7,16 bi",5.877 | Brasil: 173.744,2.494 | Brasil: 75.816,"R$ 7,26 mi | Brasil: R$ 214,57 mi",405 | Brasil: 7.386,"R$ 14,51 mi | Brasil: R$ 260,63 mi","R$ 8,94 mi | Brasil: R$ 240,55 mi","R$ 13,55 mi | Brasil: R$ 579,17 mi","R$ 44,26 mi | Brasil: R$ 1,56 bi","115.450 (26,60%) | Brasil: 7.224.258 (56,03%)","R$ 296,44 mi | Brasil: R$ 21,00 bi",2024-2026,Abril/2026,18 | Brasil: 2525,"R$ 39,58 mi | Brasil: R$ 3,13 bi","R$ 22,05 mi | Brasil: R$ 1,73 bi",25 | Brasil: 1681,"R$ 120,07 mi | Brasil: R$ 7,26 bi",24 | Brasil: 683,"R$ 260,41 mi | Brasil: R$ 6,94 bi",40 | Brasil: 2477,"R$ 19,82 mi | Brasil: R$ 1,20 bi","R$ 61,50 mi | Brasil: R$ 3,43 bi","R$ 0,00 mi | Brasil: R$ 575,00 mi","R$ 61,50 mi | Brasil: R$ 4,00 bi","6 Estruturas Acadêmicas = R$ 53,00 mi | 1 Restaurante Universitário = R$ 6,00 mi | 1 Moradia Estudantil = R$ 2,50 mi","R$ 54,46 mi | Brasil: R$ 1,52 bi","R$ 75,00 mi - 3 campi | Brasil: R$ 2,70 bi","R$ 129,46 mi | Brasil: R$ 4,22 bi","13 Restaurante Estudantil - R$ 22,10 mi | 1 Biblioteca - R$ 1,50 mi | 1 Estruturas Acadêmicas - R$ 3,88 mi | 1 Complexo Esportivo - R$ 2,01 mi | 6 Infraestrutura - R$ 2,98 mi | 4 Equipamento - R$ 3,71 mi | 5 Equipamento Restaurante - R$ 2,75 mi | 1 Sede de Campus - R$ 15,53 mi",Campus Campos Novos | Campus Mafra | Campus Tijucas,"R$ 10,00 mi | Brasil: R$ 1,79 bi","Reforma com ampliação do Centro Obstétrico, Emergência e Internação de GO - R$ 10,00 mi","R$ 9,50 bi | Brasil: R$ 257,14 bi","R$ 10,21 bi | Brasil: R$ 269,16 bi","R$ 11,84 bi | Brasil: R$ 310,34 bi","R$ 12,71 bi | Brasil: R$ 339,79 bi","R$ 5,32 bi | Brasil: R$ 143,73 bi","R$ 0,00 mi | Brasil: R$ 10,83 bi","R$ 19,24 mi | Brasil: R$ 10,87 bi","R$ 49,49 mi | Brasil: R$ 2,48 bi",5.419 | Brasil: 145.708,"2022: R$ 133,87 mi | 2023: R$ 190,27 mi | 2024: R$ 195,40 mi | 2025: R$ 200,81 mi | 2026: R$ 87,40 mi || Brasil: 2022: R$ 3,58 bi | 2023: R$ 5,28 bi | 2024: R$ 5,33 bi | 2025: R$ 5,51 bi | 2026: R$ 2,46 bi",185.637 | Brasil: 4.782.680,"2019: R$ 19,65 mi | 2020: R$ 20,60 mi | 2021: R$ 20,33 mi | 2022: R$ 26,78 mi | 2023: R$ 24,58 mi | 2024: R$ 23,00 mi | 2025: R$ 22,42 mi | 2026: R$ 11,10 mi || Brasil: 2019: R$ 697,05 mi | 2020: R$ 720,18 mi | 2021: R$ 770,93 mi | 2022: R$ 772,04 mi | 2023: R$ 872,04 mi | 2024: R$ 804,61 mi | 2025: R$ 885,62 mi | 2026: R$ 398,16 mi","59,1 mil | Brasil: 1.884.660",2 | Brasil: 38,37 | Brasil: 605,6 | Brasil: 339,2 | Brasil: 69,28.715 | Brasil: 1.075.373,"Até 2002: 131 | 2003 a 2016: 180 | 2017 a 2018: 5 | 2019 a 2022: 11 | A partir de 2023: 12 (Funcionando: 4, Não Funcionando: 8) | Total Geral: 339","A partir de 2023: 12 (Funcionando: 4, Não Funcionando: 8)","2019: 15,56% (199.146 ) | 2022: 15,40% (208.643 ) | 2023: 14,92% (205.313 ) | 2026: 17,32% (242.094 )(*) || Brasil: 2019: 14,21% (5.002.641 ) | 2022: 18,37% (6.499.119 ) | 2023: 20,86% (7.308.315 ) | 2026: 25,82% (8.830.779 )(*) 2026 com dado mais recente de 2025; 2026 ainda não publicado.","Ensino Médio: De 22,4% em 2022 para 18,6% em 2025 | Brasil: De 24,3% em 2022 para 17,6% em 2025","Ensino Médio: De 13,6% em 2023 para 11,6% em 2024 | Brasil: De 5,7% em 2023 para 5,6% em 2024","Ensino Médio: De 5,0% em 2023 para 4,7% em 2024 | Brasil: De 3,8% em 2023 para 3,5% em 2024","De 61,38%* em 2023 para 63% em 2025 | Brasil: De 55,90%* em 2023 para 66% em 2025"
SE,SERGIPE,BRIEFING – Visita Ministerial - SERGIPE,"1.156 (76,2% ) | Brasil: 100.720 (72,9%)",19.020 | Brasil: 1.632.740,"R$ 85,0 mi | Brasil: R$ 7,16 bi",1.940 | Brasil: 173.744,1.106 | Brasil: 75.816,"R$ 2,40 mi | Brasil: R$ 214,57 mi",107 | Brasil: 7.386,"R$ 3,86 mi | Brasil: R$ 260,63 mi","R$ 2,55 mi | Brasil: R$ 240,55 mi","R$ 9,03 mi | Brasil: R$ 579,17 mi","R$ 17,84 mi | Brasil: R$ 1,56 bi","113.075 (74,91%) | Brasil: 7.224.258 (56,03%)","R$ 349,42 mi | Brasil: R$ 21,00 bi",2024-2026,Abril/2026,24 | Brasil: 2525,"R$ 29,70 mi | Brasil: R$ 3,13 bi","R$ 18,88 mi | Brasil: R$ 1,73 bi",43 | Brasil: 1681,"R$ 163,54 mi | Brasil: R$ 7,26 bi",13 | Brasil: 683,"R$ 124,77 mi | Brasil: R$ 6,94 bi",49 | Brasil: 2477,"R$ 22,92 mi | Brasil: R$ 1,20 bi","R$ 25,36 mi | Brasil: R$ 3,43 bi","R$ 60,00 mi - 1 Campus (Estância) | Brasil: R$ 575,00 mi","R$ 85,36 mi | Brasil: R$ 4,00 bi","4 Infraestrutura e Urbanização = R$ 10,06 mi | 1 Complexo Esportivo = R$ 3,50 mi | 2 Salas de Aula = R$ 4,45 mi | 1 Laboratórios = R$ 7,35 mi","R$ 27,80 mi | Brasil: R$ 1,52 bi","R$ 50,00 mi - 2 campi | Brasil: R$ 2,70 bi","R$ 77,80 mi | Brasil: R$ 4,22 bi","1 Sede de Campus - R$ 9,00 mi | 1 Infraestrutura - R$ 296,83 mil | 3 Equipamento - R$ 3,20 mi | 9 Restaurante Estudantil - R$ 15,30 mi",Campus Japaratuba | Campus Aracaju,"R$ 39,94 mi | Brasil: R$ 1,79 bi","Construção do Centro Administrativo e de Ensino e Pesquisa (CAEPI) - R$ 39,94 mi","R$ 2,84 bi | Brasil: R$ 257,14 bi","R$ 3,07 bi | Brasil: R$ 269,16 bi","R$ 3,51 bi | Brasil: R$ 310,34 bi","R$ 4,07 bi | Brasil: R$ 339,79 bi","R$ 1,76 bi | Brasil: R$ 143,73 bi","R$ 0,00 mi | Brasil: R$ 10,83 bi","R$ 133,03 mi | Brasil: R$ 10,87 bi","R$ 65,81 mi | Brasil: R$ 2,48 bi",1.522 | Brasil: 145.708,"2022: R$ 37,81 mi | 2023: R$ 58,04 mi | 2024: R$ 59,55 mi | 2025: R$ 60,94 mi | 2026: R$ 26,72 mi || Brasil: 2022: R$ 3,58 bi | 2023: R$ 5,28 bi | 2024: R$ 5,33 bi | 2025: R$ 5,51 bi | 2026: R$ 2,46 bi",99.100 | Brasil: 4.782.680,"2019: R$ 12,16 mi | 2020: R$ 12,34 mi | 2021: R$ 15,05 mi | 2022: R$ 16,14 mi | 2023: R$ 17,36 mi | 2024: R$ 14,75 mi | 2025: R$ 15,45 mi | 2026: R$ 7,83 mi || Brasil: 2019: R$ 697,05 mi | 2020: R$ 720,18 mi | 2021: R$ 770,93 mi | 2022: R$ 772,04 mi | 2023: R$ 872,04 mi | 2024: R$ 804,61 mi | 2025: R$ 885,62 mi | 2026: R$ 398,16 mi","11,4 mil | Brasil: 1.884.660",1 | Brasil: 38,10 | Brasil: 605,7 | Brasil: 339,1 | Brasil: 69,23.216 | Brasil: 1.075.373,"Até 2002: 131 | 2003 a 2016: 180 | 2017 a 2018: 5 | 2019 a 2022: 11 | A partir de 2023: 12 (Funcionando: 4, Não Funcionando: 8) | Total Geral: 339","A partir de 2023: 12 (Funcionando: 4, Não Funcionando: 8)","2019: 9,91% (37.257 ) | 2022: 19,91% (75.486 ) | 2023: 23,06% (85.999 ) | 2026: 29,54% (108.480 )(*) || Brasil: 2019: 14,21% (5.002.641 ) | 2022: 18,37% (6.499.119 ) | 2023: 20,86% (7.308.315 ) | 2026: 25,82% (8.830.779 )(*) 2026 com dado mais recente de 2025; 2026 ainda não publicado.","Ensino Médio: De 36,8% em 2022 para 20,0% em 2025 | Brasil: De 24,3% em 2022 para 17,6% em 2025","Ensino Médio: De 8,7% em 2023 para 6,0% em 2024 | Brasil: De 5,7% em 2023 para 5,6% em 2024","Ensino Médio: De 3,0% em 2023 para 1,9% em 2024 | Brasil: De 3,8% em 2023 para 3,5% em 2024","De 31,30%* em 2023 para 50% em 2025 | Brasil: De 55,90%* em 2023 para 66% em 2025"
SP,SÃO PAULO,BRIEFING – Visita Ministerial - SÃO PAULO,"12.520 (65,3% ) | Brasil: 100.720 (72,9%)",281.930 | Brasil: 1.632.740,"R$ 870,4 mi | Brasil: R$ 7,16 bi",24.659 | Brasil: 173.744,5.374 | Brasil: 75.816,"R$ 30,45 mi | Brasil: R$ 214,57 mi",917 | Brasil: 7.386,"R$ 32,28 mi | Brasil: R$ 260,63 mi","R$ 44,09 mi | Brasil: R$ 240,55 mi","R$ 60,74 mi | Brasil: R$ 579,17 mi","R$ 167,56 mi | Brasil: R$ 1,56 bi","993.946 (40,36%) | Brasil: 7.224.258 (56,03%)","R$ 2,54 bi | Brasil: R$ 21,00 bi",2024-2026,Abril/2026,43 | Brasil: 2525,"R$ 61,67 mi | Brasil: R$ 3,13 bi","R$ 36,64 mi | Brasil: R$ 1,73 bi",94 | Brasil: 1681,"R$ 445,03 mi | Brasil: R$ 7,26 bi",41 | Brasil: 683,"R$ 410,05 mi | Brasil: R$ 6,94 bi",28 | Brasil: 2477,"R$ 14,03 mi | Brasil: R$ 1,20 bi","R$ 272,31 mi | Brasil: R$ 3,43 bi","R$ 60,00 mi - 1 Campus (São José do Rio Preto) | Brasil: R$ 575,00 mi","R$ 332,31 mi | Brasil: R$ 4,00 bi","1 Equipamentos = R$ 8,00 mi | 4 Infraestrutura e Urbanização = R$ 46,00 mi | 7 Estruturas Acadêmicas = R$ 149,81 mi | 1 Complexo Esportivo = R$ 25,00 mi | 3 Salas de Aula = R$ 22,00 mi | 1 Restaurante Universitário = R$ 5,00 mi | 1 Moradia Estudantil = R$ 16,50 mi","R$ 150,20 mi | Brasil: R$ 1,52 bi","R$ 370,00 mi - 16 campi | Brasil: R$ 2,70 bi","R$ 520,20 mi | Brasil: R$ 4,22 bi","16 Restaurante Estudantil - R$ 27,03 mi | 7 Sede de Campus - R$ 71,17 mi | 6 Biblioteca - R$ 9,00 mi | 1 Sede Reitoria - R$ 9,45 mi | 4 Sala de Aula - R$ 7,16 mi | 3 Infraestrutura - R$ 13,74 mi | 1 Laboratórios - R$ 1,75 mi | 6 Equipamento - R$ 2,65 mi | 15 Equipamento Restaurante - R$ 8,25 mi",Campus São Paulo - Cidade Tiradentes | Campus Santos | Campus Ribeirão Preto | Campus Carapicuíba | Campus São Vicente | Campus Guarujá | Campus Osasco | Campus São Bernardo do Campo | Campus Serrana | Campus Sumaré | Campus Franco da Rocha | Campus São Paulo - Jaçanã | Campus São Paulo - Jardim Ângela | Campus Diadema | Campus Cotia | Campus Mauá,"R$ 281,50 mi | Brasil: R$ 1,79 bi"," Implantação de Unidades de Clínica Cirúrgica e Clínica Médica;  UTI Coronariana, Hospital dia e nova Unidade de Hemodiálise. - R$ 24,12 mi | Construção do novo HU. - R$ 257,38 mi","R$ 52,56 bi | Brasil: R$ 257,14 bi","R$ 51,98 bi | Brasil: R$ 269,16 bi","R$ 59,17 bi | Brasil: R$ 310,34 bi","R$ 62,34 bi | Brasil: R$ 339,79 bi","R$ 25,94 bi | Brasil: R$ 143,73 bi","R$ 0,00 mi | Brasil: R$ 10,83 bi","R$ 51,03 mi | Brasil: R$ 10,87 bi","R$ 88,21 mi | Brasil: R$ 2,48 bi",22.485 | Brasil: 145.708,"2022: R$ 743,71 mi | 2023: R$ 1,15 bi | 2024: R$ 1,08 bi | 2025: R$ 1,15 bi | 2026: R$ 526,82 mi || Brasil: 2022: R$ 3,58 bi | 2023: R$ 5,28 bi | 2024: R$ 5,33 bi | 2025: R$ 5,51 bi | 2026: R$ 2,46 bi",224.939 | Brasil: 4.782.680,"2019: R$ 34,43 mi | 2020: R$ 34,40 mi | 2021: R$ 36,63 mi | 2022: R$ 38,04 mi | 2023: R$ 38,13 mi | 2024: R$ 35,72 mi | 2025: R$ 35,35 mi | 2026: R$ 18,35 mi || Brasil: 2019: R$ 697,05 mi | 2020: R$ 720,18 mi | 2021: R$ 770,93 mi | 2022: R$ 772,04 mi | 2023: R$ 872,04 mi | 2024: R$ 804,61 mi | 2025: R$ 885,62 mi | 2026: R$ 398,16 mi","67,9 mil | Brasil: 1.884.660",1 | Brasil: 38,41 | Brasil: 605,14 | Brasil: 339,3 | Brasil: 69,41.713 | Brasil: 1.075.373,"Até 2002: 131 | 2003 a 2016: 180 | 2017 a 2018: 5 | 2019 a 2022: 11 | A partir de 2023: 12 (Funcionando: 4, Não Funcionando: 8) | Total Geral: 339","A partir de 2023: 12 (Funcionando: 4, Não Funcionando: 8)","2019: 14,24% (1.007.346 ) | 2022: 23,82% (1.717.693 ) | 2023: 25,97% (1.878.010 ) | 2026: 29,74% (2.025.782 )(*) || Brasil: 2019: 14,21% (5.002.641 ) | 2022: 18,37% (6.499.119 ) | 2023: 20,86% (7.308.315 ) | 2026: 25,82% (8.830.779 )(*) 2026 com dado mais recente de 2025; 2026 ainda não publicado.","Ensino Médio: De 12,1% em 2022 para 9,8% em 2025 | Brasil: De 24,3% em 2022 para 17,6% em 2025","Ensino Médio: De 4,3% em 2023 para 3,4% em 2024 | Brasil: De 5,7% em 2023 para 5,6% em 2024","Ensino Médio: De 3,3% em 2023 para 2,6% em 2024 | Brasil: De 3,8% em 2023 para 3,5% em 2024","De 51,91%* em 2023 para 61% em 2025 | Brasil: De 55,90%* em 2023 para 66% em 2025"
TO,TOCANTINS,BRIEFING – Visita Ministerial - TOCANTINS,"1.130 (81,8% ) | Brasil: 100.720 (72,9%)",21.702 | Brasil: 1.632.740,"R$ 71,8 mi | Brasil: R$ 7,16 bi",1.677 | Brasil: 173.744,823 | Brasil: 75.816,"R$ 2,07 mi | Brasil: R$ 214,57 mi",180 | Brasil: 7.386,"R$ 6,49 mi | Brasil: R$ 260,63 mi","R$ 1,17 mi | Brasil: R$ 240,55 mi","R$ 415,32 mil | Brasil: R$ 579,17 mi","R$ 10,15 mi | Brasil: R$ 1,56 bi","77.960 (62,07%) | Brasil: 7.224.258 (56,03%)","R$ 227,42 mi | Brasil: R$ 21,00 bi",2024-2026,Abril/2026,55 | Brasil: 2525,"R$ 67,41 mi | Brasil: R$ 3,13 bi","R$ 46,19 mi | Brasil: R$ 1,73 bi",24 | Brasil: 1681,"R$ 106,22 mi | Brasil: R$ 7,26 bi",23 | Brasil: 683,"R$ 245,42 mi | Brasil: R$ 6,94 bi",52 | Brasil: 2477,"R$ 25,72 mi | Brasil: R$ 1,20 bi","R$ 37,30 mi | Brasil: R$ 3,43 bi","R$ 0,00 mi | Brasil: R$ 575,00 mi","R$ 37,30 mi | Brasil: R$ 4,00 bi","3 Salas de Aula = R$ 20,00 mi | 1 Complexo Esportivo = R$ 6,30 mi | 1 Estruturas Acadêmicas = R$ 3,00 mi | 1 Infraestrutura e Urbanização = R$ 8,00 mi","R$ 45,23 mi | Brasil: R$ 1,52 bi","R$ 25,00 mi - 1 campus | Brasil: R$ 2,70 bi","R$ 70,23 mi | Brasil: R$ 4,22 bi","2 Restaurante Estudantil - R$ 3,40 mi | 14 Sede de Campus AX - R$ 16,11 mi | 2 Sede de Campus - R$ 14,95 mi | 1 Infraestrutura - R$ 2,10 mi | 1 Estruturas Acadêmicas - R$ 4,97 mi | 2 Equipamento - R$ 3,70 mi",Campus Tocantinópolis,"R$ 0 | Brasil: R$ 1,79 bi",,"R$ 2,76 bi | Brasil: R$ 257,14 bi","R$ 2,99 bi | Brasil: R$ 269,16 bi","R$ 3,41 bi | Brasil: R$ 310,34 bi","R$ 3,69 bi | Brasil: R$ 339,79 bi","R$ 1,51 bi | Brasil: R$ 143,73 bi","R$ 0,00 mi | Brasil: R$ 10,83 bi","R$ 20,10 mi | Brasil: R$ 10,87 bi","R$ 14,76 mi | Brasil: R$ 2,48 bi",1.416 | Brasil: 145.708,"2022: R$ 38,79 mi | 2023: R$ 54,26 mi | 2024: R$ 58,14 mi | 2025: R$ 60,09 mi | 2026: R$ 26,61 mi || Brasil: 2022: R$ 3,58 bi | 2023: R$ 5,28 bi | 2024: R$ 5,33 bi | 2025: R$ 5,51 bi | 2026: R$ 2,46 bi",52.716 | Brasil: 4.782.680,"2019: R$ 7,32 mi | 2020: R$ 7,58 mi | 2021: R$ 10,03 mi | 2022: R$ 8,33 mi | 2023: R$ 8,86 mi | 2024: R$ 8,01 mi | 2025: R$ 7,68 mi | 2026: R$ 3,48 mi || Brasil: 2019: R$ 697,05 mi | 2020: R$ 720,18 mi | 2021: R$ 770,93 mi | 2022: R$ 772,04 mi | 2023: R$ 872,04 mi | 2024: R$ 804,61 mi | 2025: R$ 885,62 mi | 2026: R$ 398,16 mi","16,2 mil | Brasil: 1.884.660",1 | Brasil: 38,12 | Brasil: 605,7 | Brasil: 339,2 | Brasil: 69,13.566 | Brasil: 1.075.373,"Até 2002: 131 | 2003 a 2016: 180 | 2017 a 2018: 5 | 2019 a 2022: 11 | A partir de 2023: 12 (Funcionando: 4, Não Funcionando: 8) | Total Geral: 339","A partir de 2023: 12 (Funcionando: 4, Não Funcionando: 8)","2019: 20,39% (68.565 ) | 2022: 26,35% (87.590 ) | 2023: 30,40% (101.397 ) | 2026: 38,33% (126.433 )(*) || Brasil: 2019: 14,21% (5.002.641 ) | 2022: 18,37% (6.499.119 ) | 2023: 20,86% (7.308.315 ) | 2026: 25,82% (8.830.779 )(*) 2026 com dado mais recente de 2025; 2026 ainda não publicado.","Ensino Médio: De 23,4% em 2022 para 10,7% em 2025 | Brasil: De 24,3% em 2022 para 17,6% em 2025","Ensino Médio: De 3,6% em 2023 para 4,2% em 2024 | Brasil: De 5,7% em 2023 para 5,6% em 2024","Ensino Médio: De 1,9% em 2023 para 2,2% em 2024 | Brasil: De 3,8% em 2023 para 3,5% em 2024","De 43,72%* em 2023 para 61% em 2025 | Brasil: De 55,90%* em 2023 para 66% em 2025"